Name,Address
Chicken Republic,"Address: 12 Coker Road, Ilupeju, Lagos, Nigeria"
Basilico Italian Restaurant,"Address: 15, Musa Yaradua Street, Victoria Island, Lagos, Nigeria"
Bottles Restaurant,"Address: 3 & 4 Water Corporation Road, Victoria Island, Lagos, Nigeria"
Golden Gate Restaurant,"Address: Alfred Rewane Road, Ikoyi, Lagos, Nigeria"
355 Restaurant & Lounge,"Address: 9a, Oko- Awo Close, Victoria Island, Lagos, Nigeria"
Abibiz Restaurants,"Address: Murtala Mohammed International Airport, Ikeja, Lagos, Nigeria"
China Town Express Restaurant,"Address: 14b, Idowu Taylor Street, Victoria Island, Lagos, Nigeria"
411 Restaurant and Bar,"Address: 5, Amodu Tijani Close, Victoria Island, Lagos, Nigeria"
Cactus Restaurant,"Address: 20/24 Ozumba Mbadiwe, Victoria Island, Lagos, Nigeria"
Marco-Polo Chinese Restaurant,"Address: 9a, Karimu Kotun Street, Victoria Island, Lagos, Nigeria"
La Mango Restaurant,"Address: 3a, Adekunle Fajuyi Way, Ikeja, Lagos, Nigeria"
Kilimanjaro Restaurant,"Address: 84,ozumba Mbadiwe Street, Victoria Island, Lagos, Nigeria"
Talindo Steak House Restaurant,"Address: 7b Karimu Kotun Street, Victoria Island, Lagos, Nigeria"
Uac Restaurants,"Address: 16,ikorudu Road, Lagos, Nigeria"
Bungalow Restaurant,"Address: Plot 1296, Akin Adesola Street, Victoria Island, Lagos, Nigeria"
Viceroy Restaurant,"Address: 33, Akin Adesola Street, Victoria Island, Lagos, Nigeria"
CCX Restaurant and Lounge,"Address: 273 Kofo Abayomi Street, Victoria Island, Lagos, Nigeria"
360 Restaurant,"Address: 23b2, Idejo Street, Victoria Island, Lagos, Nigeria"
Black Bell Restaurant,"Address: Block 2, Plot 69a Admiralty Way,, Lekki, Lagos, Nigeria"
Jevinik Restaurant,"Address: 21, Isaac John Street, Ikeja, Lagos, Nigeria"
Excel Food Services,"Address: 7b, Gardenia Way, Ajah, Lagos, Nigeria"
Indigo Bar Restaurant and Suites,"Address: 242b Muri Okunola Street, Victoria Island, Lagos, Nigeria"
Bags Local Food Store,"Address: Emmanuel Keshi Street, Magodo, Lagos, Nigeria"
Natives Restaurants And Lounge,"Address: 5b, Ojo Olobun Close, Victoria Island, Lagos, Nigeria"
For Food Only,"Address: 21, Dele Onabolu Street, Magodo, Lagos, Nigeria"
Eli-Glo Mac-Lina Spot Restaurant And Bar,"Address: 6,alawode Street, Surulere, Lagos, Nigeria"
National Agency for Food and Drug Administration and Control,"Address: Nafdac Office Complex, Oshodi, Lagos, Nigeria"
National Agency for Food and Drug Administration and Control,"Address: 3/5 Oshodi Expressway, Oshodi, Lagos, Nigeria"
Orchard Food and Confectioneries,"Address: 1, Yakubu Street, Ketu, Lagos, Nigeria"
FSB Food Mart,"Address: 58, A Kerele Street, Surulere, Lagos, Nigeria"
Gossard Hotel And Our House Restaurant,"Address: 31, Community Road, Amuwo Odofin, Lagos, Nigeria"
Lagos Food Bank Initiative,"Address: Plot 10, Oba-lateef Adams Estate, Iloro, Agege, Lagos, Nigeria"
Food Bank Nigeria,"Address: 3, Alhaji Kanike Street, Ikoyi, Lagos, Nigeria"
Nigeria Food and Drinks Expo,"Address: 34, Aiyepe Avenue Via Abiodun Bus-stop, Somolu, Lagos, Somolu, Lagos, Nigeria"
Paradox Farms Food Train,"Address: 1 Awoniyi Elemo Street, Ajao, Lagos, Nigeria"
ITEM7 Food Services,"Address: 1, Alade Lawal Street, Anthony, Lagos, Nigeria"
Bobo food & beverages,"Address: 87, Iju Road, Agege, Lagos, Nigeria"
Bobo Food and Beverages,"Address: 87, Iju Road, Agege, Lagos, Nigeria"
Matel Food And Drinks,"Address: 12, Oyewunmi Close, Surulere, Lagos, Nigeria"
Food And Pharmaceutical,"Address: 7, Causeway Drive, Ijora, Lagos, Nigeria"
Josmi Hotel Bars & Restaurant,"Address: 2, Asami Road, Akoka, Lagos, Nigeria"
Josmi Hotel Bars & Restaurant,"Address: 2, Asami Road, Akoka, Lagos, Nigeria"
Africana Restaurant,"Address: 7,temidire Street, Apapa, Lagos, Nigeria"
Peculiar Food,"Address: 8,olutunfese Street, Ketu, Lagos, Nigeria"
Peculiar Food,"Address: Moq 30 Ikeja Cantonment, Ikeja, Lagos, Nigeria"
Karma Hotel & Restaurant,"Address: 17, Burma Road, Apapa, Lagos, Nigeria"
Le scale Hotel & Restaurant,"Address: 6, Akin Olugbade Street, Victoria Island, Lagos, Nigeria"
Mobech Guest House Restaurant,"Address: 1, Igbobisbe Street, Jibowu, Lagos, Nigeria"
Elias Restaurant Lounge & bar,"Address: 24 ,idejo Street, Victoria Island, Lagos, Nigeria"
TFT Food Nigeria,"Address: 21 Akiyemi Crescent, Surulere, Lagos, Nigeria"
JAM The Coconut Food Company,"Address: 15b Omorinre Johnson Street, Lekki, Lagos, Nigeria"
China Ville Chinese Restaurant.,"Address: 9b, Abagbon Close Off Ologun Agbaje, Off Adeola Odeku, Ikoyi, Lagos, Nigeria"
Ofadaa,"Address: Lagos, Lagos, Lagos, Nigeria"
Pot-A-Soup,"Address: 2 Jim Unah Way, Badore, Lagos, Nigeria"
Smokey Bones,"Address: 8b Fabac Close, Victoria Island, Lagos, Nigeria"
Chicken Republic,"Address: 86, Omole Residential Scheme, Ikeja, Lagos, Nigeria"
Green Grill House,"Address: 15 Wole Ariyo Off Admiralty Way, Lekki Phase 1, Lagos, Nigeria"
Le Veranda,"Address: 17, Oju Olobun Street, Victoria Island, Lagos, Nigeria"
Grocery Bazaar,"Address: 13, Lasu-isheri Expressway, Akesan, Lagos, Nigeria"
Molabat kitchen,"Address: 14 Akanni Ajiran Street,, Lekki, Lagos, Nigeria"
Samantha`s Bistro,"Address: 2 Olawale Daodu Road, Ikoyi, Lagos, Nigeria"
Izanagi,"Address: 19b Idejo Street, Victoria Island, Lagos, Nigeria"
Brass & Copper,"Address: 1 Olubunmi Owa Street, Lekki, Lagos, Nigeria"
La Veranda by Blowfish,"Address: 17 Oju Olobun Close, Victoria Island, Lagos, Nigeria"
Ocean Basket,"Address: 58c Isaac John Street, Ikeja, Lagos, Nigeria"
Prest Lunch and Dinner Cruise,"Address: 1, Admiralty Road, Lekki, Lagos, Nigeria"
Tantalizers,"Address: I Close, Festac Town, Lagos, Nigeria"
Fruit Fiber n' Beyond,"Address: 75, Adeniran Ogunsanya Street, Surulere, Lagos, Nigeria"
New look calaber kitchen,"Address: 7 Asa Afariogun Street, Ikeja, Lagos, Nigeria"
RSVP,"Address: 9 Eletu Ogabi Street, Victoria Island, Lagos, Nigeria"
Ile Eros,"Address: 14 Kafayat Abdulrazak Street, Lekki, Lagos, Nigeria"
Shoprite,"Address: Off Lekki Express Way, Victoria Island, Lagos, Nigeria"
The Snail Shop,"Address: 24/26, Shipeolu Street, Onipanu, Lagos, Nigeria"
Mr. Biggs,"Address: 32, Kudirat Abiola Way, Ikeja, Lagos, Nigeria"
Shoprite,"Address: Adeniran Ogunsanya Street, Surulere, Lagos, Nigeria"
Lantern Place,"Address: 10, Alhaji Kosoko Street, Ojodu, Lagos, Nigeria"
De Grocery Truck,"Address: Blk B, House 1, Vista Estate, Pascal Offiah Close, Victoria Island, Lagos, Nigeria"
Mr Bigs,"Address: 6 Osolo Way Ajao Estate, Ikeja, Lagos, Nigeria"
Mama's kitchen,"Address: 1 Asa Afariogun Street Ajao Estate, Ikeja, Lagos, Nigeria"
Shiro Lagos,"Address: 3 & 4, Water Corporation Road, Victoria Island, Lagos, Nigeria"
The Metaphor,"Address: 78a Younis Bashorun Street, Victoria Island, Lagos, Nigeria"
Noir,"Address: 4a Akin Olugbade Street, Victoria Island, Lagos, Nigeria"
Salma's Lebanese Cuisine,"Address: 20/24 Ozumba Mbadiwe Avenue, Victoria Island, Lagos, Nigeria"
FoodCo Store,"Address: Mega 1 Event Centre, Lekki, Lagos, Nigeria"
01 Shawarma,"Address: 52, Akerele Street, Surulere, Lagos, Nigeria"
01 Shawarma,"Address: 33, Enitan Street, Surulere, Lagos, Nigeria"
01 Shawarma,"Address: 1, Salami Street, Maryland, Lagos, Nigeria"
01 Shawarma,"Address: 1cs, Hakeem Balogun Street, Ikeja, Lagos, Nigeria"
01 Shawarma,"Address: 345, Odusami Street, Ogba, Lagos, Nigeria"
01 Shawarma,"Address: 67, Adeniyi Jones Avenue, Ikeja, Lagos, Nigeria"
01 Shawarma,"Address: 154, Iju Road, Agege, Lagos, Nigeria"
01 Shawarma,"Address: Shop E7, Falomo Shopping Centre, Ikoyi, Lagos, Nigeria"
01 Shawarma,"Address: 47, Adekunle Banjo Avenue, Magodo, Lagos, Nigeria"
Fast Food,"Address: 1, Dikem Close, Ojo, Lagos, Nigeria"
Goodman Supermarket,"Address: 2/3, Okota Road, Isolo, Lagos, Nigeria"
Cafe Jade,"Address: 7, Caroline Atounah, Lekki, Lagos, Nigeria"
BL Supermarket,"Address: Yomade Shopping Mall, Awoyaya, Lagos, Nigeria"
Glamour Supermarket & Stores,"Address: Opposite Crown Estate, Sangotedo, Lagos, Nigeria"
Gravitas Supermarket,"Address: 17, Emma Abimbola Cole Street, Lekki, Lagos, Nigeria"
JF Supermarket,"Address: Lekki-epe Express Way, Sangotedo, Lagos, Nigeria"
Nazareth Supermarket,"Address: Babatunde Street, Surulere, Lagos, Nigeria"
Okoli Supermarket,"Address: 34, Eti-osa Way, Ikoyi, Lagos, Nigeria"
Spendless Supermarket,"Address: 2, Association Avenue, Shangisha, Lagos, Nigeria"
Taiwo Supermarket,"Address: Ire Akari Estate, Isolo, Lagos, Nigeria"
Cost Slice Supermarket,"Address: 120, Ogunlana Drive, Surulere, Lagos, Nigeria"
The Big Kitchen,"Address: Omobola Street, Egbeda, Lagos, Nigeria"
B&K Supermarket,"Address: 33, Ahmadu Bello Way, Victoria Island, Lagos, Nigeria"
Goodies,"Address: 273, Kofo Abayomi Street, Victoria Island, Lagos, Nigeria"
CCD Superstores,"Address: 116, Ogudu/ojota Road, Ogudu, Lagos, Nigeria"
SoFresh Neighborhood Market,"Address: 92, Awolowo Road, Ikoyi, Lagos, Nigeria"
AfroFood,"Address: 7 Olagbende Street, Meiran, Lagos, Nigeria"
HSE Gourment,"Address: 25, Babatope Bejide Crescent, Lekki Phase 1, Lagos, Nigeria"
Mint by Eat Green Company,"Address: 33 Grace Anjous Drive, Lekki Phase 1, Lagos, Nigeria"
Vellvett Grill Lounge and Bar,"Address: 18b Idejo Street, Victoria Island, Lagos, Nigeria"
Kohinoor Lagos,"Address: 72 Kusenla Road, Lekki, Lagos, Nigeria"
Bonzai,"Address: 1303 Akin Adesola, Victoria Island, Lagos, Nigeria"
Yakoyo Abula Joint,"Address: 107 Ogunlana Drive, Surulere, Lagos, Nigeria"
Yakoyo Abula Joint,"Address: 6 Otunba Adedoyin Ogungbe Crescent, Lekki, Lagos, Nigeria"
Bukka Hut,"Address: Block 69a, Admiralty Way, Lekki, Lagos, Nigeria"
Bukka Hut,"Address: 271 Herbert Macaulay Way, Yaba, Lagos, Nigeria"
Bukka Hut,"Address: 77 Bode Thomas Street, Surulere, Lagos, Nigeria"
Bukka Hut,"Address: Osolo Way, Isolo, Lagos, Nigeria"
Bukka Hut,"Address: 61 Awolowo Road, Ikoyi, Lagos, Nigeria"
Bukka Hut,"Address: 98 -105 Road 3, Ajah, Lagos, Nigeria"
Bukka Hut,"Address: Plot 278 Gbagada Oworonski Expressway, Gbagada, Lagos, Nigeria"
Bukka Hut,"Address: Plot 11, Block 31 Admiralty Way, Lekki, Lagos, Nigeria"
Bukka Hut,"Address: Amuwo Odofin Estate, Festac, Lagos, Nigeria"
Bukka Hut,"Address: Shop 6 Fifth Roundabout Bus Stop Lekki,, Lekki, Lagos, Nigeria"
Bukka Hut,"Address: Chevron Drive, Lekki, Lagos, Nigeria"
Mama Cass,"Address: 214 Ikorodu Road, Ikeja, Lagos, Nigeria"
Fingers 2 Mouth,"Address: 3, Adedamola Ojomo Close, Surulere, Lagos, Nigeria"
Mama Cass,"Address: 4a, Oyeleke Street, Ikeja, Lagos, Nigeria"
Mama Cass,"Address: 271, Ajose Adeogun Street, Victoria Island, Lagos, Nigeria"
Mama Cass,"Address: 5, Allen Avenue, Ikeja, Lagos, Nigeria"
Mama Cass,"Address: 1-5, Dayo Adeniyi Street, Oko-oba, Lagos, Nigeria"
Chicken Republic,"Address: 12, Coker Road, Ilupeju, Lagos, Nigeria"
Chicken Republic,"Address: 7, Egbe Road, Isolo, Lagos, Nigeria"
Chicken Republic,"Address: 37a, Opebi Road, Ikeja, Lagos, Nigeria"
Chicken Republic,"Address: 60a, Adeola Odeku Street, Victoria Island, Lagos, Nigeria"
Chicken Republic,"Address: 24, Ligali Ayorinde Street, Victoria Island, Lagos, Nigeria"
Chicken Republic,"Address: 10, Ikorodu Road, Jibowu, Lagos, Nigeria"
Yin Yang Express,"Address: 5, Admiralty Way, Lekki, Lagos, Nigeria"
Prest Jazz Club,"Address: 1c, Admiralty Road, Off Admiralty Way,, Lekki Phase 1, Lagos, Nigeria"
Yin Yang Express,"Address: 350-360 Ikorodu Road, Ikeja, Lagos, Nigeria"
DishSoSweet,"Address: Lagos, Lagos, Lagos Nigeria, Nigeria"
TOE Caterers,"Address: 28, Ogunleye Street, Surulere, Lagos, Nigeria"
FarmDirect,"Address: 14, Dele Dejonwo Close, Maryland, Lagos, Nigeria"
FarmDirect,"Address: 2, Joel Ogunaike Street, Ikeja, Lagos, Nigeria"
Banarly Seafood,"Address: Oba Ganiyu Adesanya Way, Ebute Metta, Lagos, Nigeria"
Market At Doorstep Global Services,"Address: 12/14, Okiki Street, Off Ago Palace Way, Okota, Isolo, Lagos, Nigeria"
Haven Lounge,"Address: 140 ,sagamu-ikorodu Road, Ikorodu, Lagos, Nigeria"
Churrasco and Fusion,"Address: 1c, Ozumba Mbadiwe Road, Victoria Island, Lagos, Nigeria"
Akaskibaho Global resources,"Address: 116 Rollas Complex Isolo Mushin Road, Oshodi, Lagos, Nigeria"
GroceryAllDay,"Address: 32, Obafemi Awolowo Oke Ota-ona Grammar School, Ikorodu, Lagos, Nigeria"
O Gourmet,"Address: B20 Wole Olateju Crescent,, Lekki, Lagos, Nigeria"
Woks and Koi,"Address: 5 Adebayo Doherty Road, Lekki, Lagos, Nigeria"
Domino's Pizza,"Address: 31/37, Toyin Street, Ikeja, Lagos, Nigeria"
Tastee Fried Chicken,"Address: 16 Catholic Mission Street, Victoria Island, Lagos, Nigeria"
Tastee Fried Chicken,"Address: 21, Opebi Road, Ikeja, Lagos, Nigeria"
Tastee Fried Chicken,"Address: 50, Warehouse Road, Apapa, Lagos, Nigeria"
Tastee Fried Chicken,"Address: Enyo Fuel Station, Lekki, Lagos, Nigeria"
Tastee Fried Chicken,"Address: 49 Lagos Road, Ikorodu, Lagos, Nigeria"
Tastee Fried Chicken,"Address: 2nd, Avenue, Festac, Lagos, Nigeria"
Ofada Boy,"Address: 1 Mba Street, Surulere, Lagos, Nigeria"
Iya Mushin,"Address: 88, Egbe Road., Isolo, Lagos, Nigeria"
Savories & Sweets,"Address: 1 Pssdc Road, Shangisha, Lagos, Nigeria"
Georges Chinese Cuisine,"Address: Adeniran Ogusanya Street, Surulere, Lagos, Nigeria"
GloryLand Halls And Suites,"Address: 1, Olanipekun Drive, Isheri Olofin, Lagos, Nigeria"
DF Ventures,"Address: Alhaji Kosoko Street, Ojodu, Lagos, Nigeria"
Tastee Fried Chicken,"Address: 106, Awolowo Road, Ikoyi, Lagos, Nigeria"
Tastee Fried Chicken,"Address: 44a Ijaiye Road, Ikeja, Lagos, Nigeria"
Tastee Fried Chicken,"Address: 49c, Marina Street, Lagos Island, Lagos, Nigeria"
Tastee Fried Chicken,"Address: 892a Admiral Oduwaiye Street, Omole, Lagos, Nigeria"
Chicken Republic,"Address: 22 Road Festac Town, Festac, Lagos, Nigeria"
Chicken Republic,"Address: 149 Akowonjo Road, Egbeda, Lagos, Nigeria"
Chicken Republic,"Address: 190, Awolowo Road, Ikoyi, Lagos, Nigeria"
Chicken Republic,"Address: 32, Ire Akari Estate Road, Isolo, Lagos, Nigeria"
Chicken Republic,"Address: Km 26, Old Lagos-abeokuta Express Way,, Abule Egba, Lagos, Nigeria"
Chicken Republic,"Address: 23 Ajiran Road, Lekki, Lagos, Nigeria"
Chicken Republic,"Address: 10 Admiralty Way, Lekki Phase 1, Lagos, Nigeria"
Chicken Republic,"Address: 41, Saint Finbarrs Road, Yaba, Lagos, Nigeria"
Chicken Republic,"Address: Oando Filling Station, Ketu, Lagos, Nigeria"
Olam,"Address: Plot 5 & 6 Abebe Village Road, Iganmu, Lagos, Nigeria"
TJY Corporate Solutions,"Address: 15-16, Olusola Ikare Street, Idimu, Lagos, Nigeria"
Tastee Fried Chicken,"Address: 144 Shobowale Street, Akowonjo, Lagos, Nigeria"
Afro Foods and Spices,"Address: 7, Randle Crescent, Apapa, Lagos, Nigeria"
Propac,"Address: 94 Old Ewu Road, Mafoluku, Lagos, Nigeria"
Palmview Manor,"Address: 2, Tony Anegbode Street, Victoria Island, Lagos, Nigeria"
Cotton Suites,"Address: 5, Amodu Tijani Close, Victoria Island, Lagos, Nigeria"
Big Treat Confectioneries,"Address: 10, College Road, Ifako Ijaiye, Lagos, Nigeria"
Big Treat Confectioneries,"Address: 10, College Road, Ifako Ijaiye, Lagos, Nigeria"
Big Treat Confectioneries,"Address: 1, Gana Williams Street, Ikoyi, Lagos, Nigeria"
Big Treat Confectioneries,"Address: Akonwanjo Road, Alimosho, Lagos, Nigeria"
Big Treat Confectioneries,"Address: 1st Avenue, Festac Town, Lagos, Nigeria"
Ace-T Equipment Service,"Address: 59, Olatilewa Street, Surulere, Lagos, Nigeria"
XOVAR LOUNGE,"Address: Behind Bespoke Event Center, Lekki, Lagos, Nigeria"
Dotimi Mobile Pots Of Soup,"Address: Ogudu Road, Ogudu, Lagos, Nigeria"
Damfade Enterprises,"Address: 58, Igbogbo/bayekun Road, Ikorodu, Lagos, Nigeria"
Uncle Tiko Foods,"Address: 12, Ire Akari Avenue, Ayobo, Lagos, Nigeria"
Golden Penny Foods,"Address: 1 Golden Penny Place, Apapa, Lagos, Nigeria"
Amel Susan,"Address: 13, Dabiri Street, Ejigbo, Lagos, Nigeria"
Moon & Star,"Address: 7, Seriki Aro Street, Ikeja, Lagos, Nigeria"
Ok Foods,"Address: Plot 1, Block C, Fatai Atere Way, Mushin, Lagos, Nigeria"
Winnys Meals,"Address: House 32, Ave Road, Festac, Lagos, Nigeria"
Vinad Potatoes,"Address: 11, Aina Street, Ogudu, Lagos, Nigeria"
Emem Haven,"Address: 13b,ilorin Street, Surulere, Lagos, Nigeria"
Agro Allied Development Enterprises,"Address: 12b, Akin Olugbade Street, Victoria Island, Lagos, Nigeria"
Lagos Oriental Hotel,"Address: 3, Lekki Road, Victoria Island, Lagos, Nigeria"
Addis Engineering,"Address: 26, Abimbola Street, Isolo, Lagos, Nigeria"
Adeniran Ogunsanya Shopping Mall,"Address: 84, Adeniran Ogunsanya Street, Surulere, Lagos, Nigeria"
Nu Grotto,"Address: 217 Etim Inyang Crescent, Victoria Island, Lagos, Nigeria"
Lagos City Mall,"Address: 14, Centage Plaza, Ikeja, Lagos, Nigeria"
Vitachem Nigeria,"Address: No. 11, Olabisi Street, Ilupeju, Lagos, Nigeria"
Smridu,"Address: 39, Adekunle Fajuyi Way, Ikeja, Lagos, Nigeria"
Shaunz Bar,"Address: 27 Sanusi Fafunwa Street, Victoria Island, Lagos, Nigeria"
Rx3.0 Pharmacy,"Address: 146c Ligali Ayorinde Street, Victoria Island, Lagos, Nigeria"
Pets Mart,"Address: 19b Bush Street, Ikeja, Lagos, Nigeria"
Training and Recruitment Solutions,"Address: Block 3, Alpha Beach Road, Lekki/lagos, Lagos, Nigeria"
You Cloud,"Address: 21 Adeola Odeku Street, Victoria Island, Lagos, Nigeria"
Ice Cream Factory,"Address: 1613b, Omega Bank Avenue, Victoria Island, Lagos, Nigeria"
The Ice Cream Factory,"Address: 5, Admiralty Way, Lekki, Lagos, Nigeria"
Ocean Basket,"Address: 35 Akin Adesola Street, Victoria Island, Lagos, Nigeria"
The Wine house Lounge,"Address: 19a, Mekunwen Road, Ikoyi, Lagos, Nigeria"
Park 'N' Shop,"Address: 47b, Adeola Odeku Street, Victoria Island, Lagos, Nigeria"
Diva Cakes and Confections,"Address: 63, Opebi Road, Ikeja, Lagos, Nigeria"
De Kiddies Arena,"Address: 36, Finbarrs Road, Yaba, Lagos, Nigeria"
Dominion Supermarket,"Address: 1, Admiralty Way, Lekki, Lagos, Nigeria"
GVS Supermarket,"Address: 12, Odunlami Street, Anthony Village, Lagos, Nigeria"
Mofe Emporium Supermarket,"Address: 74, Awolowo Way, Ikeja, Lagos, Nigeria"
Cherries Super Store,"Address: 110b, Ogudu, Kosofe, Lagos, Nigeria"
BG Mart,"Address: 21, Mobolaji Bank Anthony Way, Ikeja, Lagos, Nigeria"
Doreona Supermarket,"Address: 12, Olonrulogbon Street, Ikeja, Lagos, Nigeria"
Abimbola Supermarket,"Address: 1, Ambali Street Liasu Road, Alimosho, Lagos, Nigeria"
Best Buy Supermarket,"Address: 49, Adelabu Street, Surulere, Lagos, Nigeria"
Mega Plaza Supermarket,"Address: 14, Idowu Martins, Eti-osa, Lagos, Nigeria"
Globus Supermarket,"Address: 57, Ago Palace Way, Oshodi-isolo, Lagos, Nigeria"
Pace Supermarket,"Address: 321, Road C Close, Festac Town, Lagos, Nigeria"
Eddi Chart Supermarket,"Address: 23, Olonrulogbon Street, Surulere, Lagos, Nigeria"
Omatee Supermarket,"Address: 20, Ibrahim Onashokun Street, Gbagada, Lagos, Nigeria"
Kenzo Mart,"Address: 32a, Admiralty Way, Lekki, Lagos, Nigeria"
Kenzo Mart,"Address: 22/24, Calcutta Crescent, Apapa, Lagos, Nigeria"
Poise,"Address: Obafemi Awolowo Way, Ikeja, Lagos, Nigeria"
Shawarma Rokspot,"Address: 5th Avenue, Egbeda, Lagos, Nigeria"
Regards Supermarket,"Address: 13, Majekodumi Street, Ikeja, Lagos, Nigeria"
Rareflowers & Ballons,"Address: 2a Anthony Road, Anthony Village, Lagos, Nigeria"
Nuts About Cakes,"Address: 33, Fola Osibo Street, Lekki, Lagos, Nigeria"
The Ice Cream Factory,"Address: 1613b Omega Bank Avenue, Victoria Island, Lagos, Nigeria"
Cafe Licious,"Address: 30, Opebi Road, Ikeja, Lagos, Nigeria"
Cake Plus,"Address: 6, Senate Crescent, Magodo, Lagos, Nigeria"
FingerMart,"Address: 10, Bola Ogunsanya Crescent,, Magodo Phase 2, Lagos, Nigeria"
Beach Town,"Address: 1, Joseph Dosu Way, Badagry, Lagos, Nigeria"
Justrite Superstors,"Address: Abule Egba Roundabout, Alimosho, Lagos, Nigeria"
Twins Faja Supermarket,"Address: 48, Ikotun - Idimu Road, Idimu, Lagos, Nigeria"
Goodies,"Address: Mobolaji Bank Anthony Way, Ikeja, Lagos, Nigeria"
Apple Supermarket,"Address: 84, Okota Road, Oshodi-isolo, Lagos, Nigeria"
Avocado Supermarket,"Address: 74, Aina Street, Ikeja, Lagos, Nigeria"
Ebili Junior Supermarket,"Address: 18, Olorunlogbon Street, Anthony, Lagos, Nigeria"
El-Baracad Supermarket,"Address: 54, Demurin Street, Ketu, Lagos, Nigeria"
El-Lay's Supermarket,"Address: 32, Awolowo Road, Ikoyi, Lagos, Nigeria"
Emjay Supermarket,"Address: 17, Adekoya Street, Badagry, Lagos, Nigeria"
Folksychris Supermarket,"Address: 1a, Lawanson Road, Surulere, Lagos, Nigeria"
Gabdola Supermarket,"Address: 26, Odunlami Street, Shomolu, Lagos, Nigeria"
Greatday Supermarket,"Address: 1, Banjo Street, Kosofe, Lagos, Nigeria"
Hygiene Supermarket,"Address: Plot 2, Oriwu Street, Lekki-epe, Lagos, Nigeria"
Lafayatte Supermarket,"Address: 25, Modiu Fagbayi Crescent, Apapa, Lagos, Nigeria"
Noble Mart Supermarket,"Address: 24, Road Junction, Festac, Lagos, Nigeria"
O & S Supermarket,"Address: 1, Oyediran Street, Ifako Ijaiye, Lagos, Nigeria"
Oasis Supermarket,"Address: Opic Plaza, Mobolaji Bank Anthony Way, Ikeja, Lagos, Nigeria"
Olisco Supermarket,"Address: 85, Okota Road, Isolo, Lagos, Nigeria"
Olutayo Commercial Store,"Address: 178, Murtala Mohammed Way, Yaba, Lagos, Nigeria"
Omolabake Stores,"Address: E82 ,alpha Chris Shopping Complex, Alimosho, Lagos, Nigeria"
Park 'N' Pick Supermarket,"Address: 15, Adeleke Street, Ikeja, Lagos, Nigeria"
Royal Priesthood Supermarket,"Address: Shop 345, Alhaja Alaka Shoping Complex, Surulere, Lagos, Nigeria"
Safeway Supermarket,"Address: 7, Peoples Stree, Apapa, Lagos, Nigeria"
Shop 'N' Save Supermarket,"Address: 8a, Saka Tinubu Street, Victoria Island, Lagos, Nigeria"
Sesame Supermart & Cake Shop,"Address: 4, Oladipo Adeyemi Street, Ikorodu, Lagos, Nigeria"
Simply Gifts,"Address: 8, Oladeinde Street, Anthony, Lagos, Nigeria"
Spingfield Supermarket,"Address: 295, Ipaja Ayobo Road, Alimosho, Lagos, Nigeria"
Supreme Mart,"Address: Iponri Shopping Complex, Surulere, Lagos, Nigeria"
Unto The Lord Ventures,"Address: Shop Sh9, Amuwo Odofin Center, Amuwo Odofin, Lagos, Nigeria"
Viva Supermarket,"Address: 24, Oke Street, Shomolu, Lagos, Nigeria"
William Dokpesi Store,"Address: Plot 105a, Ajose Adeogun, Victoria Island, Lagos, Nigeria"
Breakfast King,"Address: 4 Ladipo Crescent, Surulere, Lagos, Nigeria"
Brooklyn Bistro,"Address: 24 Fola Osibo Road, Lekki, Lagos, Nigeria"
Bourbon House Cafe,"Address: 741 Adeola Hopewell Street, Victoria Island, Lagos, Nigeria"
Casper and Gambini's,"Address: 19 Agoro Odiyan Street, Victoria Island, Lagos, Nigeria"
Danfo Bistro,"Address: 2 Alexander Way, Ikoyi, Lagos, Nigeria"
Johnny Rockets,"Address: 16 Eletu Ogabi, Victoria Island, Lagos, Nigeria"
Lixaus,"Address: A044 Nassarawa Plaza, Trade Fair Complex, Lagos, Lagos, Nigeria"
Ember Creek,"Address: 32 Awolowo Road, Ikoyi, Lagos, Nigeria"
eBar29,"Address: 29, Ramlat Timson Street, Surulere, Lagos, Nigeria"
Elion House Hotel,"Address: 7/8, Agbeke Rotinwa Street, Ikoyi, Lagos, Nigeria"
Avenue Hotel,"Address: 11, Musa Yaradua Street, Victoria Island, Lagos, Nigeria"
Golden Tulip Hotel,"Address: 77, Festac Link Road, Amuwo Odofin, Lagos, Nigeria"
Colonades Hotel,"Address: 21, Kingsway Road, Ikoyi, Lagos, Nigeria"
Protea Hotel,"Address: 1700, Violet Yough Close, Victoria Island, Lagos, Nigeria"
Protea Hotel,"Address: Kuramo Waters Close, Victoria Island, Lagos, Nigeria"
Protea Hotel,"Address: Chevron Drive, Lekki, Lagos, Nigeria"
Pearl Court Residence & Hotels,"Address: Aso Street, Ikoyi, Lagos, Nigeria"
Whispering Palms,"Address: 1, James Robertson Street, Surulere, Lagos, Nigeria"
Whispering Palms,"Address: Badagry Express Way, Iworo, Lagos, Nigeria"
Tamarin Hotels,"Address: 158, Adekunle Fajuyi Way, Ikeja, Lagos, Nigeria"
Lagos Airport Hotel,"Address: 11, Obafemi Awolowo Way, Ikeja, Lagos, Nigeria"
Intercontinental Hotels & Resorts,"Address: 52, Kofo Abayomi Street, Victoria Island, Lagos, Nigeria"
The Federal Place Hotel,"Address: 6/8 Ahmadu Bello Way, Victoria Island, Lagos, Nigeria"
Welcome Center & Hotel,"Address: 70, International Airport Road, Ikeja, Lagos, Nigeria"
Hotel Bon Voyage,"Address: 57a, Marinho Drive, Victoria Island, Lagos, Nigeria"
S&S Hotels & Suites,"Address: 239, Muri Okunola Street, Victoria Island, Lagos, Nigeria"
Epe Resort & Spa,"Address: Itoikin Road, Epe, Lagos, Nigeria"
House J Suites,"Address: 1, Sir Michael Otedola Street, Ikeja, Lagos, Nigeria"
House J Suites,"Address: 11, Joel Ogunnaike Street, Ikeja, Lagos, Nigeria"
Best Western Hotel,"Address: 1228, Ahmadu Bello, Lekki, Lagos, Nigeria"
Best Western Hotel,"Address: 128, Joel Ogunnaike Street, Ikeja, Lagos, Nigeria"
DDJ Collection Hotel,"Address: I98 & I103, Road 4, Lekki, Lagos, Nigeria"
Rockview Hotels,"Address: 33, 23 Road, 2nd Avenue, Festac, Lagos, Nigeria"
Rockview Hotels,"Address: 17b, Parklane, Apapa, Lagos, Nigeria"
African Sun Amber Residence,"Address: 16, Esugbayi Street, Ikeja, Lagos, Nigeria"
De-Renaissance Hotel,"Address: 172, Obafemi Awolowo Way, Ikeja, Lagos, Nigeria"
Bogobiri House,"Address: 9, Maitama Sule Street, Ikoyi, Lagos, Nigeria"
Orchid Hotels,"Address: 3, Dreamworld Africa Way, Lekki, Lagos, Nigeria"
Hermitage Gardens Resort & Haastade Hospitality Suties,"Address: 292, Ajose Adeogun Street, Victoria Island, Lagos, Nigeria"
Hermitage Gardens Resort & Haastade Hospitality Suties,"Address: 292, Ajose Adeogun Street, Victoria Island, Lagos, Nigeria"
Hermitage Gardens Resort & Haastade Hospitality Suties,"Address: 292, Ajose Adeogun Street, Victoria Island, Lagos, Nigeria"
Care24 Business Hotels & Suites,"Address: 24 Road, F Close, Festac, Lagos, Nigeria"
KFC,"Address: 307, Adeola Odeku Street, Victoria Island, Lagos, Nigeria"
KFC,"Address: 13 Shasha Road, Akowonjo, Lagos, Nigeria"
KFC,"Address: 34, Allen Avenue Road, Ikeja, Lagos, Nigeria"
KFC,"Address: J.k. Randle Road, Lagos Island, Lagos, Nigeria"
KFC,"Address: 23 Road 4th Avenue, Festac, Lagos, Nigeria"
KFC,"Address: 283 Gbagada Expressway, Gbagada, Lagos, Nigeria"
KFC,"Address: 48 Alfred Rewane Road, Ikoyi, Lagos, Nigeria"
KFC,"Address: Kazuma Plaza, Apapa, Lagos, Nigeria"
KFC,"Address: 55, Isaac John, Ikeja, Lagos, Nigeria"
KFC,"Address: 31, Admiralty Way, Lekki, Lagos, Nigeria"
KFC,"Address: 31 Adeola Odeku Street, Victoria Island, Lagos, Nigeria"
KFC,"Address: Muritala Muhammed Airport 2, Ikeja, Lagos, Nigeria"
KFC,"Address: 24, Ijaye Road, Ogba, Lagos, Nigeria"
KFC,"Address: Jakande Round About, Lekki, Lagos, Nigeria"
KFC,"Address: 97-99 Adeniran Ogunsanya Shopping Center, Surulere, Lagos, Nigeria"
KFC,"Address: 282, Herbert Macauley Way, Yaba, Lagos, Nigeria"
Morning Side Suites,"Address: 11b, Teslim Elias Close, Victoria Island, Lagos, Nigeria"
Oven Delight Catering,"Address: Gulf Circular Road, Satellite, Lagos, Nigeria"
Hotel Ibis,"Address: 41, Murtala Mohamed International Airport Road, Isolo, Lagos, Nigeria"
Virgins Hotel,"Address: 116, Ogunlana Drive, Surulere, Lagos, Nigeria"
Love4we,"Address: 3, Betti Street, Ikotun, Lagos, Nigeria"
Fidmak Investment,"Address: 10, Balogun Street, Ikeja, Lagos, Nigeria"
His Mercy Guest House,"Address: 47, Afinjuomo Street, Mile 12, Lagos, Nigeria"
Four Points by Sheraton,"Address: Plot 9/10, Block 2, Cod Church Road, Victoria Island, Lagos, Nigeria"
A.G Leventis,"Address: 2, Iddo House, Iddo, Lagos, Nigeria"
Grand Cereals,"Address: 32, Kudirat Abiola Way, Ikeja, Lagos, Nigeria"
UAC Foods,"Address: 16, Ikorodu Road, Ojota, Lagos, Nigeria"
Noah's Ark Hotel,"Address: 14, Lai Yusuf Crescent, Lekki, Lagos, Nigeria"
Nostro Suites,"Address: 16, Dr. Adewale Oshin Street, Lekki, Lagos, Nigeria"
Bertola Machine Tools,"Address: 296, Ikorodu Road, Anthony Village, Lagos, Nigeria"
Nostro Suites,"Address: 5, Augustine Anozie Street, Lekki, Lagos, Nigeria"
Best Western Hotel,"Address: 12, Allen Avenue, Ikeja, Lagos, Nigeria"
Lakeem Suites,"Address: 16, Sunbo Jibowu Street, Ikoyi, Lagos, Nigeria"
Dizengoff WA,"Address: 11, Karimu Kotun Street, Victoria Island, Lagos, Nigeria"
Neander International School,"Address: 78, Lagos-epe Expressway, Epe, Lagos, Nigeria"
Villa Maria,"Address: 3, John Chuks Nnadi Drive, Lekki, Lagos, Nigeria"
Sabitex Hotel,"Address: 14, Lekki / Epe Expressway, Lekki, Lagos, Nigeria"
The Guest House,"Address: 3, Ojora Road, Ikoyi, Lagos, Nigeria"
Ebbyson Baby Stores,"Address: 72/74, Alade Market, Ikeja, Lagos, Nigeria"
Standard Organization Of Nigeria,"Address: 11, Kofo Abayomi Street, Victoria Island, Lagos, Nigeria"
Atlantic Shrimpers,"Address: 1, Victoria Arobieke Street, Lekki, Lagos, Nigeria"
Climax Hotel,"Address: 13/17, Akinde Street, Agege, Lagos, Nigeria"
Nelki's Place,"Address: 38, Yinka Bello Street, Lekki, Lagos, Nigeria"
Tiente,"Address: 264, Corporation Drive, Ikoyi, Lagos, Nigeria"
De-Vineplus Hotel and Suites,"Address: 17-19, Abel Oreniyi Street, Ikeja, Lagos, Nigeria"
Springfield Agro,"Address: 122-123, Oshodi/apapa Expressway, Isolo, Lagos, Nigeria"
Afcott,"Address: 122-132, Oshodi Apapa Expressway, Isolo, Lagos, Nigeria"
Sylva Link Hotel,"Address: 1, Kunle Adebowale Street, Anthony Village, Lagos, Nigeria"
Sylva Link Hotel,"Address: 9, Lanre Awolokun Street, Gbagada, Lagos, Nigeria"
Sylva Link Hotel,"Address: 4, Bush Street, Maryland, Lagos, Nigeria"
The African Garden Lodge,"Address: 418, Omofade Crescent, Ikeja, Lagos, Nigeria"
Legacy Foods,"Address: 24b, Oduduwa Crescent, Ikeja, Lagos, Nigeria"
Chesterfield Hotel,"Address: 54, Adeniyi Jones Avenue, Ikeja, Lagos, Nigeria"
Beemeys Creations,"Address: 13, Osho Street, Ikeja, Lagos, Nigeria"
Dmatel Hotel,"Address: 10, Agungi Road, Lekki, Lagos, Nigeria"
Eagles Park 1960,"Address: 7, Obokun Close, Ikeja, Lagos, Nigeria"
Vivax,"Address: 3/5, Sapara Street, Ikeja, Lagos, Nigeria"
Mama Ogochukwu Babies & Homes,"Address: Shop 76/77, Ikeja, Lagos, Nigeria"
Zarcol Industries,"Address: Suite 10, Isolo, Lagos, Nigeria"
Ziggies,"Address: Ayinde Sanni Street, Magodo, Lagos, Nigeria"
Ballycious Kitchen 'N' Cakes,"Address: 7, Association Close, Ogudu, Lagos, Nigeria"
Madox Nite Club,"Address: 82, Adetokunbo Ademola Street, Victoria Island, Lagos, Nigeria"
Clevenard Global International,"Address: 1, Ibidun Street, Surulere, Lagos, Nigeria"
Tantalizers,"Address: 367 Lagos-abeokuta Express Way, Abule Egba, Lagos, Nigeria"
Tantalizers,"Address: 35b Adetokunbo Ademola Street, Victoria Island, Lagos, Nigeria"
Tantalizers,"Address: 73 Murtala Mohammed Way, Yaba, Lagos, Nigeria"
Tantalizers,"Address: 19 Broad Street, Lagos Island, Lagos, Nigeria"
Tantalizers,"Address: 117 Allen Avenue, Ikeja, Lagos, Nigeria"
Tantalizers,"Address: 62 Kofo Abayomi Avenue, Apapa, Lagos, Nigeria"
Tantalizers,"Address: 154 Olojo Drive, Ojo, Lagos, Nigeria"
Tantalizers,"Address: 165 Ogunlana Drive, Surulere, Lagos, Nigeria"
Tantalizers,"Address: 81/87 Broad Street, Lagos Island, Lagos, Nigeria"
Tantalizers,"Address: 391 Old Ojo Road, Ojo, Lagos, Nigeria"
Tantalizers,"Address: 39 Lagos Road, Ikorodu, Lagos, Nigeria"
Tantalizers,"Address: 14 Ikotun-idimu Road, Ikotun, Lagos, Nigeria"
Tantalizers,"Address: 64 Ipaja Road, Iyana Ipaja, Lagos, Nigeria"
Tantalizers,"Address: Junction Of Admiralty Road, Lekki Phase 1, Lagos, Nigeria"
Tantalizers,"Address: Mobil Filling Statiom, Surulere, Lagos, Nigeria"
Tantalizers,"Address: 23 Road, Festac Town, Lagos, Nigeria"
Tantalizers,"Address: 58 Ijaiye Ogba Road, Ijaiye, Lagos, Nigeria"
Tantalizers,"Address: Enyo Filling Station, Ikorodu, Lagos, Nigeria"
Tantalizers,"Address: 3 Oluwakemi Street, Ketu, Lagos, Nigeria"
Tantalizers,"Address: 63 Shipeolu Street, Ilupeju, Lagos, Nigeria"
Alubarika Frozen Foods,"Address: 3rd Avenue, Festac, Lagos, Nigeria"
Commint Buka,"Address: 26, Itire Road, Surulere, Lagos, Nigeria"
Planet One,"Address: 5, Mobolaji Bank Anthony Way, Maryland, Lagos, Nigeria"
Tantalizers,"Address: 42 Lekki-epe Expressway, Ajah, Lagos, Nigeria"
Tantalizers,"Address: Nipco Filling Station, Ikorodu, Lagos, Nigeria"
Tantalizers,"Address: 75 Kudirat Abiola Way, Ikeja, Lagos, Nigeria"
Tantalizers,"Address: Plot 306b Adeola Odeku Street, Victoria Island, Lagos, Nigeria"
Ski Shawarma,"Address: 183a, Akerele Street, Surulere, Lagos, Nigeria"
Aries Suites,"Address: 12, Ogun Road, Ikoyi, Lagos, Nigeria"
Nowoola Palace Hotel and Suites,"Address: 1, Nancy Nowoola Crescent, Ibeju Lekki, Lagos, Nigeria"
Blue Lounge,"Address: 9a, Service Road, Ikeja, Lagos, Nigeria"
Kelin Court,"Address: 13, Ogun Street, Surulere, Lagos, Nigeria"
Noah's Ark Hotel & Suites,"Address: 14, Lai Yusuf Crescent, Lekki, Lagos, Nigeria"
Convergence Hotel & Suites,"Address: 7a, Acme Road, Ikeja, Lagos, Nigeria"
Tophil Caterers,"Address: 411, Arigbade Street, Ikeja, Lagos, Nigeria"
Ivory Health Club,"Address: Alfred Rewane Road, Ikoyi, Lagos, Nigeria"
Ivory Health Club,"Address: 4 Ogundana Street, Ikeja, Lagos, Nigeria"
Clear Essence California Spa & Wellness Resort,"Address: 13 Alexander Road, Ikoyi, Lagos, Nigeria"
Shepherd Hotel,"Address: 37, Bode Thomas Street, Surulere, Lagos, Nigeria"
The New World Inn,"Address: 41 - 47, Ekunola Street, Okota, Lagos, Nigeria"
Haile Selassiers,"Address: 60, Adetola Street, Surulere, Lagos, Nigeria"
Dimead Royal Link Consult,"Address: Suite 5, Egbeda, Lagos, Nigeria"
Dara Outfit,"Address: 45, Okunola Road, Egbeda, Lagos, Nigeria"
Delicious Designs,"Address: Falomo Area, Ikoyi, Lagos, Nigeria"
The Grandluxe Hotel,"Address: 4, Harold Shodipo Crescent, Ikeja, Lagos, Nigeria"
DUFIL Prima Foods,"Address: 39, Eric Moore Road, Surulere, Lagos, Nigeria"
The Walgreen Hotel by De Chills Hind,"Address: 1, Oba Olusesi Road, Lekki, Lagos, Nigeria"
Pravada Lounge,"Address: 1098b Adeola Odeku Street, Victoria Island, Lagos, Nigeria"
Daytona Supermarket,"Address: 21, Admiralty Road, Lekki, Lagos, Nigeria"
Infinity Hotel,"Address: 1, Servage Avenue, Alimosho, Lagos, Nigeria"
T Lounge,"Address: 58, Oladun Street, Idimu, Lagos, Nigeria"
Payless Supermarket,"Address: Near Abraham Adesanya Estate, Lagos, Nigeria"
Wrawley Supermarket,"Address: Mayfair Gardens Estate, Awoyaya, Lagos, Nigeria"
Carlyfunia,"Address: 4a, Industrial Avenue, Yaba, Lagos, Nigeria"
Chika's Finger,"Address: 20, Adebola Street, Surulere, Lagos, Nigeria"
Chop Box,"Address: Samuel Manuwa Street, Victoria Island, Lagos, Nigeria"
First HACCP System,"Address: 71, Yaya-abatan Street, Ogba, Lagos, Nigeria"
Abidap Hotels,"Address: 5/7, Dh Street, Ipaja, Lagos, Nigeria"
Owel-Linkso Group,"Address: 293, Akin Olugbade Street, Victoria Island, Lagos, Nigeria"
Bolafolu Foodfillment,"Address: 9, Alhaji Olaogun Drive, Surulere, Lagos, Nigeria"
High Point Hotel,"Address: 49, Bello Street, Oshodi, Lagos, Nigeria"
Astoria Caterers,"Address: 2 Emina Crescent, Ikeja, Lagos, Nigeria"
Yummi Fried Chicken Catering Services,"Address: 8, Sholanke Street, Akoka, Lagos, Nigeria"
King of Spices Catering,"Address: 52, Owodunni Street, Iwaya, Lagos, Nigeria"
Freez Photography,"Address: 16, Winco Street, Ketu, Lagos, Nigeria"
Fair Smiles,"Address: 22, Ilori Street, Isolo, Lagos, Nigeria"
Casa Lydia Hotel,"Address: 19, Glover Road, Ikoyi, Lagos, Nigeria"
Green City Farms,"Address: 12c, Talabi Street, Ikeja, Lagos, Nigeria"
Dixie Suites,"Address: 12, Ayinde Akinmade Road, Lekki, Lagos, Nigeria"
"Lekki Goat, Ram and Snail Farm","Address: Green Zone Area, Lekki, Lagos, Nigeria"
The Fish Shop,"Address: 37 Joel Ogunnaike Street, Ikeja, Lagos, Nigeria"
The Fish Shop,"Address: 4 Ashabi Adedire Street, Apapa, Lagos, Nigeria"
ZOSIA FOODS LTD,"Address: 48 Chivita Avenue, Isolo, Lagos, Nigeria"
Macdonex Hotels,"Address: 40,boladale Street, Oshodi, Lagos, Nigeria"
Splendour Suites,"Address: 4,fadeyi Aladura Street, Ikeja, Lagos, Nigeria"
Otabor ventures (Mama Gee),"Address: 25, Duro Oyedoyin Street, Surulere, Lagos, Nigeria"
Grand Venice Transit Appartment,"Address: 12, Fatai Irawo Street, Osodi-isolo, Lagos, Nigeria"
Golden Destiny Hotels,"Address: 6, Awoniyi Elemo Street, Ajao Estate, Lagos, Nigeria"
Dalian's Place Guest House,"Address: 43, Oritse Street, Ikeja, Lagos, Nigeria"
GrandVenice Transit Apartments,"Address: 12, Fatai Irawo Street, Ajao Estate, Lagos, Nigeria"
Royal Jatoz,"Address: 9, Rasmon Street, Isolo, Lagos, Nigeria"
Vine-Health Paramedic Services,"Address: 23, Bode Thomas Street, Surulere, Lagos, Nigeria"
R & R Bistro And Lounge,"Address: 3, Arepo Road, Berger, Lagos, Nigeria"
Villa Picasso Hotels,"Address: 62a, Ademola Adetokunbo, Victoria Island, Lagos, Nigeria"
De Next Centre,"Address: 16/18, Olutosin Ajayi Street, Ikeja, Lagos, Nigeria"
Oragon Hotel And Suites,"Address: 9, Oluwasijibomi Street, Ikeja, Lagos, Nigeria"
Lufasi,"Address: Majek 1st Gate,, Lekki, Lagos, Nigeria"
The Place,"Address: 4, Adeola Odeku, Victoria Island, Lagos, Nigeria"
The Place,"Address: Plot 3b Block A10 Admiralty Way, Lekki, Lagos, Nigeria"
Dymofed Ventures,"Address: 3, Daramola Street, Egbeda, Lagos, Nigeria"
Zibet Fitness And Massage Center,"Address: Kekere Ado Road, Ajah, Lagos, Nigeria"
Sectronics Intl Ltd,"Address: 16, Lekki – Express Way, Lekki, Lagos, Nigeria"
Welcome Centre And Hotels,"Address: 70, International Airport Road, Ikeja, Lagos, Nigeria"
Farmshoppe,"Address: 42, Avenue Des Champs Elysã©es, Ikeja, Lagos, Nigeria"
Alfim Nigeria,"Address: 4a, Western Avenue, Surulere, Lagos, Nigeria"
Oakspring Hotels,"Address: 5, Sunday Ogunyade Street, Gbagada, Lagos, Nigeria"
Duckland Hotel And Suites,"Address: 1/3, Bashiru Oshikoya Street, Ikorodu, Lagos, Nigeria"
Lasa Hotel,"Address: 43 , Murtala Mohammed International Airport Road, Oshodi-isolo, Lagos, Nigeria"
Emota Paradise Hotel,"Address: 3/5, Olufemi Sampson Street, Ilasa, Lagos, Nigeria"
Nimmaco,"Address: 1, Abimbola Street, Isolo, Lagos, Nigeria"
Niger Biscuit Company,"Address: 33, Creek Road P.o.box 1568, Apapa, Lagos, Nigeria"
Rennies Supermarket,"Address: Vgc Lekki Expressway, Lekki, Lagos, Nigeria"
Life Flour Group,"Address: 10,adetokunbo Ademola Street, Victoria Island, Lagos, Nigeria"
Bacchus Night Club,"Address: 57 Awolowo Road,, Ikoyi, Lagos, Nigeria"
Promasidor,"Address: 3a & B Limca Way,, Isolo, Lagos, Nigeria"
Flour Mills Of Nigeria,"Address: 2, Old Dock Road, Apapa, Lagos, Nigeria"
Soupa Soup,"Address: 6, Senate Crescent, Magodo, Lagos, Nigeria"
Hd,"Address: 863 D, Adetokunbo Ademola Street, Victoria Island, Lagos, Nigeria"
Sam & Sara,"Address: 1607, Omega Bank Avenue, Victoria Island, Lagos, Nigeria"
Sam & Sara,"Address: 15a, Sasegbon Street, Ikeja, Lagos, Nigeria"
Ipaja Palace Hotel,"Address: 225, Ipaja Road, Alimosho, Lagos, Nigeria"
Sensor Merchant Nigeria,"Address: Km3 Ikorodu Road Itowolo Village, Ikorodu, Lagos, Nigeria"
Techo Quip Limited,"Address: 14-16 Olushola Ikare Street, Ikotun, Lagos, Nigeria"
Terra Kulture Boutique,"Address: 1376 Tiamiyu Savage, Victoria Island, Lagos, Nigeria"
Omoba Royal Hotel,"Address: Afilaka Steet, Ikotun, Lagos, Nigeria"
Rich Events and cuisine,"Address: Block 4, Flat 40b, Funsho Willams Street, Ojodu Berger, Lagos, Nigeria"
De Santos Hotel,"Address: 7 Shasha Road, Ikeja, Lagos, Nigeria"
Givanas Nigeria,"Address: 18/20, Burma Road, Apapa, Lagos, Nigeria"
Doyin Group,"Address: 4, Agbagbon Close, Adeola Odeku Street, Victoria Island, Lagos, Nigeria"
DVC Limited,"Address: 7/9, Ayanlu Street, Isolo, Lagos, Nigeria"
Lagra & Associates,"Address: 142/146, Oshodi-apapa Express Way, Oshodi Apapa, Lagos, Nigeria"
Junaid Group,"Address: 3, Ribadu Road, Ikoyi, Lagos, Nigeria"
Vintage Suites,"Address: 9b Dr Ezukuse Close, Lekki, Lagos, Nigeria"
Omnik,"Address: 586, Ikorodu Road, Ketu, Lagos, Nigeria"
Igbeyawo Nigeria,"Address: Ogba Lagos, Ikeja, Lagos, Nigeria"
Kensonic Nig Enterprises,"Address: H53e Alaba International Market, Badagry, Lagos, Nigeria"
ReelFruit,"Address: 2, Igbobi College Access Road, Yaba, Lagos, Nigeria"
Mimz Lounge,"Address: 52a, Omorinre Johnson Street, Lekki Phase 1, Lagos, Nigeria"
Nagode Industries,"Address: 33, Mobolaji Johnson Avenue, Oregun, Lagos, Nigeria"
Licious Desserts,"Address: 60 Allen Avenue, Ikeja, Lagos, Nigeria"
Cafe Neo,"Address: 16, Akin Adesola Street, Angelikas, Victoria Island, Lagos, Nigeria"
Cafe Neo,"Address: 19b, Adeyemi Lawson Street, Ikoyi, Lagos, Nigeria"
Cafe Neo,"Address: 6, Agoro Odiyan Street,, Lagos, Nigeria"
Cafe Neo,"Address: 39, Alfred Rewane Road,, Lagos, Nigeria"
Cafe Neo,"Address: Plots 3&4, Water Corporation Road,, Victoria Island, Lagos, Nigeria"
Smridu,"Address: 1623, Saka Jojo Street, Victoria Island, Lagos, Nigeria"
Adverture,"Address: 258 Etim Inyang Street, Victoria Island, Lagos, Nigeria"
Sailors Lounge,"Address: Plot 1 Block 12, Admiralty Road, Lekki, Lagos, Nigeria"
KoboDesk,"Address: Flat-2/7 Esther Adeleke Street, Lekki Phase 1, Lagos, Nigeria"
De Place Eatery And Bar,"Address: 51, Oladun Street, Alimosho, Lagos, Nigeria"
The Civic Centre,"Address: Ozumba Mbadiwe Road, Victoria Island, Lagos, Nigeria"
Rita Lori Hotels,"Address: 1-4, Taoridi Street, Surulere, Lagos, Nigeria"
Crepes de France,"Address: 133, Ahmadu Bello Way,, Lagos Island, Lagos, Nigeria"
Threee Arms Hotel,"Address: Plot 14 Royal Palms Drive, Ikoyi, Lagos, Nigeria"
Root4u,"Address: 27/28, Castle Rock Avenue, Lekki, Lagos, Nigeria"
DIN Logistics,"Address: 40, Adegbola Street, Anifowoshe, Ikeja, Lagos, Nigeria"
"Food, Beverage and Tobacco Senior Staff Association","Address: 32, Isaac John Street, Fadeyi, Lagos, Nigeria"
Guest Quarters,"Address: 16, Oyinkan Abayomi Drive, Ikoyi, Lagos, Nigeria"
Trendor Hotel,"Address: 4, Fadeyi Aladura Street, Ikeja, Lagos, Nigeria"
Mo'Ogbams Feedmills,"Address: Km 10, Lasu/igando Expressway, Igando, Lagos, Nigeria"
Best Foods Groups,"Address: 15 Maduike Street, Ikoyi, Lagos, Nigeria"
Avogadros and Pyhtagoras,"Address: 21 Taiwo Okoilu Street, Ogba, Lagos, Nigeria"
Farmsprite,"Address: 57 Adelabu Street, Surulere, Lagos, Nigeria"
Norland International,"Address: 28,osolo Way, Isolo, Lagos, Nigeria"
Easy Sauces,"Address: 1, Easysauces Lane, Ibeju-lekki, Lagos, Nigeria"
2dotsmarket,"Address: Lekki, Lekki, Lagos, Nigeria"
Aso Rock Hotels,"Address: 37 Abaranje Road, Alimosho, Lagos, Nigeria"
Olaiya Foods,"Address: 109 Akerele Street, Surulere, Lagos, Nigeria"
Victoria Suites,"Address: 8 Razaq Balogun Street, Surulere, Lagos, Nigeria"
Agricorp International,"Address: 10b, Ladi Alakija Street, Lekki, Lagos, Nigeria"
Yoodalo,"Address: 2nd Floor, Suites 2a & 2h, Lagos Island, Lagos, Nigeria"
Sana Global Projects,"Address: 47, Adeniyi Jones, Ikeja, Lagos, Nigeria"
KFC,"Address: Shop L80 - L81 Obafemi Awolowo Way, Ikeja, Lagos, Nigeria"
KFC,"Address: 28 Kodesoh Street, Ikeja, Lagos, Nigeria"
JustAfang & Yogiegee,"Address: 12 Admiralty Way, Lekki, Lagos, Nigeria"
