Name,Address
Chicken Republic,"12 Coker Road, Ilupeju, Lagos, Nigeria"
Basilico Italian Restaurant,"15, Musa Yaradua Street, Victoria Island, Lagos, Nigeria"
Bottles Restaurant,"3 & 4 Water Corporation Road, Victoria Island, Lagos, Nigeria"
Golden Gate Restaurant,"Alfred Rewane Road, Ikoyi, Lagos, Nigeria"
355 Restaurant & Lounge,"9a, Oko- Awo Close, Victoria Island, Lagos, Nigeria"
Abibiz Restaurants,"Murtala Mohammed International Airport, Ikeja, Lagos, Nigeria"
China Town Express Restaurant,"14b, Idowu Taylor Street, Victoria Island, Lagos, Nigeria"
411 Restaurant and Bar,"5, Amodu Tijani Close, Victoria Island, Lagos, Nigeria"
Cactus Restaurant,"20/24 Ozumba Mbadiwe, Victoria Island, Lagos, Nigeria"
Marco-Polo Chinese Restaurant,"9a, Karimu Kotun Street, Victoria Island, Lagos, Nigeria"
La Mango Restaurant,"3a, Adekunle Fajuyi Way, Ikeja, Lagos, Nigeria"
Kilimanjaro Restaurant,"84,ozumba Mbadiwe Street, Victoria Island, Lagos, Nigeria"
Talindo Steak House Restaurant,"7b Karimu Kotun Street, Victoria Island, Lagos, Nigeria"
Uac Restaurants,"16,ikorudu Road, Lagos, Nigeria"
Bungalow Restaurant,"Plot 1296, Akin Adesola Street, Victoria Island, Lagos, Nigeria"
Viceroy Restaurant,"33, Akin Adesola Street, Victoria Island, Lagos, Nigeria"
CCX Restaurant and Lounge,"273 Kofo Abayomi Street, Victoria Island, Lagos, Nigeria"
360 Restaurant,"23b2, Idejo Street, Victoria Island, Lagos, Nigeria"
Black Bell Restaurant,"Block 2, Plot 69a Admiralty Way,, Lekki, Lagos, Nigeria"
Jevinik Restaurant,"21, Isaac John Street, Ikeja, Lagos, Nigeria"
Excel Food Services,"7b, Gardenia Way, Ajah, Lagos, Nigeria"
Indigo Bar Restaurant and Suites,"242b Muri Okunola Street, Victoria Island, Lagos, Nigeria"
Bags Local Food Store,"Emmanuel Keshi Street, Magodo, Lagos, Nigeria"
Natives Restaurants And Lounge,"5b, Ojo Olobun Close, Victoria Island, Lagos, Nigeria"
For Food Only,"21, Dele Onabolu Street, Magodo, Lagos, Nigeria"
Eli-Glo Mac-Lina Spot Restaurant And Bar,"6,alawode Street, Surulere, Lagos, Nigeria"
National Agency for Food and Drug Administration and Control,"Nafdac Office Complex, Oshodi, Lagos, Nigeria"
National Agency for Food and Drug Administration and Control,"3/5 Oshodi Expressway, Oshodi, Lagos, Nigeria"
Orchard Food and Confectioneries,"1, Yakubu Street, Ketu, Lagos, Nigeria"
FSB Food Mart,"58, A Kerele Street, Surulere, Lagos, Nigeria"
Gossard Hotel And Our House Restaurant,"31, Community Road, Amuwo Odofin, Lagos, Nigeria"
Lagos Food Bank Initiative,"Plot 10, Oba-lateef Adams Estate, Iloro, Agege, Lagos, Nigeria"
Food Bank Nigeria,"3, Alhaji Kanike Street, Ikoyi, Lagos, Nigeria"
Nigeria Food and Drinks Expo,"34, Aiyepe Avenue Via Abiodun Bus-stop, Somolu, Lagos, Somolu, Lagos, Nigeria"
Paradox Farms Food Train,"1 Awoniyi Elemo Street, Ajao, Lagos, Nigeria"
ITEM7 Food Services,"1, Alade Lawal Street, Anthony, Lagos, Nigeria"
Bobo food & beverages,"87, Iju Road, Agege, Lagos, Nigeria"
Bobo Food and Beverages,"87, Iju Road, Agege, Lagos, Nigeria"
Matel Food And Drinks,"12, Oyewunmi Close, Surulere, Lagos, Nigeria"
Food And Pharmaceutical,"7, Causeway Drive, Ijora, Lagos, Nigeria"
Josmi Hotel Bars & Restaurant,"2, Asami Road, Akoka, Lagos, Nigeria"
Josmi Hotel Bars & Restaurant,"2, Asami Road, Akoka, Lagos, Nigeria"
Africana Restaurant,"7,temidire Street, Apapa, Lagos, Nigeria"
Peculiar Food,"8,olutunfese Street, Ketu, Lagos, Nigeria"
Peculiar Food,"Moq 30 Ikeja Cantonment, Ikeja, Lagos, Nigeria"
Karma Hotel & Restaurant,"17, Burma Road, Apapa, Lagos, Nigeria"
Le scale Hotel & Restaurant,"6, Akin Olugbade Street, Victoria Island, Lagos, Nigeria"
Mobech Guest House Restaurant,"1, Igbobisbe Street, Jibowu, Lagos, Nigeria"
Elias Restaurant Lounge & bar,"24 ,idejo Street, Victoria Island, Lagos, Nigeria"
TFT Food Nigeria,"21 Akiyemi Crescent, Surulere, Lagos, Nigeria"
JAM The Coconut Food Company,"15b Omorinre Johnson Street, Lekki, Lagos, Nigeria"
China Ville Chinese Restaurant.,"9b, Abagbon Close Off Ologun Agbaje, Off Adeola Odeku, Ikoyi, Lagos, Nigeria"
Ofadaa,"Lagos, Lagos, Lagos, Nigeria"
Pot-A-Soup,"2 Jim Unah Way, Badore, Lagos, Nigeria"
Smokey Bones,"8b Fabac Close, Victoria Island, Lagos, Nigeria"
Chicken Republic,"86, Omole Residential Scheme, Ikeja, Lagos, Nigeria"
Green Grill House,"15 Wole Ariyo Off Admiralty Way, Lekki Phase 1, Lagos, Nigeria"
Le Veranda,"17, Oju Olobun Street, Victoria Island, Lagos, Nigeria"
Grocery Bazaar,"13, Lasu-isheri Expressway, Akesan, Lagos, Nigeria"
Molabat kitchen,"14 Akanni Ajiran Street,, Lekki, Lagos, Nigeria"
Samantha`s Bistro,"2 Olawale Daodu Road, Ikoyi, Lagos, Nigeria"
Izanagi,"19b Idejo Street, Victoria Island, Lagos, Nigeria"
Brass & Copper,"1 Olubunmi Owa Street, Lekki, Lagos, Nigeria"
La Veranda by Blowfish,"17 Oju Olobun Close, Victoria Island, Lagos, Nigeria"
Ocean Basket,"58c Isaac John Street, Ikeja, Lagos, Nigeria"
Prest Lunch and Dinner Cruise,"1, Admiralty Road, Lekki, Lagos, Nigeria"
Tantalizers,"I Close, Festac Town, Lagos, Nigeria"
Fruit Fiber n' Beyond,"75, Adeniran Ogunsanya Street, Surulere, Lagos, Nigeria"
New look calaber kitchen,"7 Asa Afariogun Street, Ikeja, Lagos, Nigeria"
RSVP,"9 Eletu Ogabi Street, Victoria Island, Lagos, Nigeria"
Ile Eros,"14 Kafayat Abdulrazak Street, Lekki, Lagos, Nigeria"
Shoprite,"Off Lekki Express Way, Victoria Island, Lagos, Nigeria"
The Snail Shop,"24/26, Shipeolu Street, Onipanu, Lagos, Nigeria"
Mr. Biggs,"32, Kudirat Abiola Way, Ikeja, Lagos, Nigeria"
Shoprite,"Adeniran Ogunsanya Street, Surulere, Lagos, Nigeria"
Lantern Place,"10, Alhaji Kosoko Street, Ojodu, Lagos, Nigeria"
De Grocery Truck,"Blk B, House 1, Vista Estate, Pascal Offiah Close, Victoria Island, Lagos, Nigeria"
Mr Bigs,"6 Osolo Way Ajao Estate, Ikeja, Lagos, Nigeria"
Mama's kitchen,"1 Asa Afariogun Street Ajao Estate, Ikeja, Lagos, Nigeria"
Shiro Lagos,"3 & 4, Water Corporation Road, Victoria Island, Lagos, Nigeria"
The Metaphor,"78a Younis Bashorun Street, Victoria Island, Lagos, Nigeria"
Noir,"4a Akin Olugbade Street, Victoria Island, Lagos, Nigeria"
Salma's Lebanese Cuisine,"20/24 Ozumba Mbadiwe Avenue, Victoria Island, Lagos, Nigeria"
FoodCo Store,"Mega 1 Event Centre, Lekki, Lagos, Nigeria"
01 Shawarma,"52, Akerele Street, Surulere, Lagos, Nigeria"
01 Shawarma,"33, Enitan Street, Surulere, Lagos, Nigeria"
01 Shawarma,"1, Salami Street, Maryland, Lagos, Nigeria"
01 Shawarma,"1cs, Hakeem Balogun Street, Ikeja, Lagos, Nigeria"
01 Shawarma,"345, Odusami Street, Ogba, Lagos, Nigeria"
01 Shawarma,"67, Adeniyi Jones Avenue, Ikeja, Lagos, Nigeria"
01 Shawarma,"154, Iju Road, Agege, Lagos, Nigeria"
01 Shawarma,"Shop E7, Falomo Shopping Centre, Ikoyi, Lagos, Nigeria"
01 Shawarma,"47, Adekunle Banjo Avenue, Magodo, Lagos, Nigeria"
Fast Food,"1, Dikem Close, Ojo, Lagos, Nigeria"
Goodman Supermarket,"2/3, Okota Road, Isolo, Lagos, Nigeria"
Cafe Jade,"7, Caroline Atounah, Lekki, Lagos, Nigeria"
BL Supermarket,"Yomade Shopping Mall, Awoyaya, Lagos, Nigeria"
Glamour Supermarket & Stores,"Opposite Crown Estate, Sangotedo, Lagos, Nigeria"
Gravitas Supermarket,"17, Emma Abimbola Cole Street, Lekki, Lagos, Nigeria"
JF Supermarket,"Lekki-epe Express Way, Sangotedo, Lagos, Nigeria"
Nazareth Supermarket,"Babatunde Street, Surulere, Lagos, Nigeria"
Okoli Supermarket,"34, Eti-osa Way, Ikoyi, Lagos, Nigeria"
Spendless Supermarket,"2, Association Avenue, Shangisha, Lagos, Nigeria"
Taiwo Supermarket,"Ire Akari Estate, Isolo, Lagos, Nigeria"
Cost Slice Supermarket,"120, Ogunlana Drive, Surulere, Lagos, Nigeria"
The Big Kitchen,"Omobola Street, Egbeda, Lagos, Nigeria"
B&K Supermarket,"33, Ahmadu Bello Way, Victoria Island, Lagos, Nigeria"
Goodies,"273, Kofo Abayomi Street, Victoria Island, Lagos, Nigeria"
CCD Superstores,"116, Ogudu/ojota Road, Ogudu, Lagos, Nigeria"
SoFresh Neighborhood Market,"92, Awolowo Road, Ikoyi, Lagos, Nigeria"
AfroFood,"7 Olagbende Street, Meiran, Lagos, Nigeria"
HSE Gourment,"25, Babatope Bejide Crescent, Lekki Phase 1, Lagos, Nigeria"
Mint by Eat Green Company,"33 Grace Anjous Drive, Lekki Phase 1, Lagos, Nigeria"
Vellvett Grill Lounge and Bar,"18b Idejo Street, Victoria Island, Lagos, Nigeria"
Kohinoor Lagos,"72 Kusenla Road, Lekki, Lagos, Nigeria"
Bonzai,"1303 Akin Adesola, Victoria Island, Lagos, Nigeria"
Yakoyo Abula Joint,"107 Ogunlana Drive, Surulere, Lagos, Nigeria"
Yakoyo Abula Joint,"6 Otunba Adedoyin Ogungbe Crescent, Lekki, Lagos, Nigeria"
Bukka Hut,"Block 69a, Admiralty Way, Lekki, Lagos, Nigeria"
Bukka Hut,"271 Herbert Macaulay Way, Yaba, Lagos, Nigeria"
Bukka Hut,"77 Bode Thomas Street, Surulere, Lagos, Nigeria"
Bukka Hut,"Osolo Way, Isolo, Lagos, Nigeria"
Bukka Hut,"61 Awolowo Road, Ikoyi, Lagos, Nigeria"
Bukka Hut,"98 -105 Road 3, Ajah, Lagos, Nigeria"
Bukka Hut,"Plot 278 Gbagada Oworonski Expressway, Gbagada, Lagos, Nigeria"
Bukka Hut,"Plot 11, Block 31 Admiralty Way, Lekki, Lagos, Nigeria"
Bukka Hut,"Amuwo Odofin Estate, Festac, Lagos, Nigeria"
Bukka Hut,"Shop 6 Fifth Roundabout Bus Stop Lekki,, Lekki, Lagos, Nigeria"
Bukka Hut,"Chevron Drive, Lekki, Lagos, Nigeria"
Mama Cass,"214 Ikorodu Road, Ikeja, Lagos, Nigeria"
Fingers 2 Mouth,"3, Adedamola Ojomo Close, Surulere, Lagos, Nigeria"
Mama Cass,"4a, Oyeleke Street, Ikeja, Lagos, Nigeria"
Mama Cass,"271, Ajose Adeogun Street, Victoria Island, Lagos, Nigeria"
Mama Cass,"5, Allen Avenue, Ikeja, Lagos, Nigeria"
Mama Cass,"1-5, Dayo Adeniyi Street, Oko-oba, Lagos, Nigeria"
Chicken Republic,"12, Coker Road, Ilupeju, Lagos, Nigeria"
Chicken Republic,"7, Egbe Road, Isolo, Lagos, Nigeria"
Chicken Republic,"37a, Opebi Road, Ikeja, Lagos, Nigeria"
Chicken Republic,"60a, Adeola Odeku Street, Victoria Island, Lagos, Nigeria"
Chicken Republic,"24, Ligali Ayorinde Street, Victoria Island, Lagos, Nigeria"
Chicken Republic,"10, Ikorodu Road, Jibowu, Lagos, Nigeria"
Yin Yang Express,"5, Admiralty Way, Lekki, Lagos, Nigeria"
Prest Jazz Club,"1c, Admiralty Road, Off Admiralty Way,, Lekki Phase 1, Lagos, Nigeria"
Yin Yang Express,"350-360 Ikorodu Road, Ikeja, Lagos, Nigeria"
DishSoSweet,"Lagos, Lagos, Lagos Nigeria, Nigeria"
TOE Caterers,"28, Ogunleye Street, Surulere, Lagos, Nigeria"
FarmDirect,"14, Dele Dejonwo Close, Maryland, Lagos, Nigeria"
FarmDirect,"2, Joel Ogunaike Street, Ikeja, Lagos, Nigeria"
Banarly Seafood,"Oba Ganiyu Adesanya Way, Ebute Metta, Lagos, Nigeria"
Market At Doorstep Global Services,"12/14, Okiki Street, Off Ago Palace Way, Okota, Isolo, Lagos, Nigeria"
Haven Lounge,"140 ,sagamu-ikorodu Road, Ikorodu, Lagos, Nigeria"
Churrasco and Fusion,"1c, Ozumba Mbadiwe Road, Victoria Island, Lagos, Nigeria"
Akaskibaho Global resources,"116 Rollas Complex Isolo Mushin Road, Oshodi, Lagos, Nigeria"
GroceryAllDay,"32, Obafemi Awolowo Oke Ota-ona Grammar School, Ikorodu, Lagos, Nigeria"
O Gourmet,"B20 Wole Olateju Crescent,, Lekki, Lagos, Nigeria"
Woks and Koi,"5 Adebayo Doherty Road, Lekki, Lagos, Nigeria"
Domino's Pizza,"31/37, Toyin Street, Ikeja, Lagos, Nigeria"
Tastee Fried Chicken,"16 Catholic Mission Street, Victoria Island, Lagos, Nigeria"
Tastee Fried Chicken,"21, Opebi Road, Ikeja, Lagos, Nigeria"
Tastee Fried Chicken,"50, Warehouse Road, Apapa, Lagos, Nigeria"
Tastee Fried Chicken,"Enyo Fuel Station, Lekki, Lagos, Nigeria"
Tastee Fried Chicken,"49 Lagos Road, Ikorodu, Lagos, Nigeria"
Tastee Fried Chicken,"2nd, Avenue, Festac, Lagos, Nigeria"
Ofada Boy,"1 Mba Street, Surulere, Lagos, Nigeria"
Iya Mushin,"88, Egbe Road., Isolo, Lagos, Nigeria"
Savories & Sweets,"1 Pssdc Road, Shangisha, Lagos, Nigeria"
Georges Chinese Cuisine,"Adeniran Ogusanya Street, Surulere, Lagos, Nigeria"
GloryLand Halls And Suites,"1, Olanipekun Drive, Isheri Olofin, Lagos, Nigeria"
DF Ventures,"Alhaji Kosoko Street, Ojodu, Lagos, Nigeria"
Tastee Fried Chicken,"106, Awolowo Road, Ikoyi, Lagos, Nigeria"
Tastee Fried Chicken,"44a Ijaiye Road, Ikeja, Lagos, Nigeria"
Tastee Fried Chicken,"49c, Marina Street, Lagos Island, Lagos, Nigeria"
Tastee Fried Chicken,"892a Admiral Oduwaiye Street, Omole, Lagos, Nigeria"
Chicken Republic,"22 Road Festac Town, Festac, Lagos, Nigeria"
Chicken Republic,"149 Akowonjo Road, Egbeda, Lagos, Nigeria"
Chicken Republic,"190, Awolowo Road, Ikoyi, Lagos, Nigeria"
Chicken Republic,"32, Ire Akari Estate Road, Isolo, Lagos, Nigeria"
Chicken Republic,"Km 26, Old Lagos-abeokuta Express Way,, Abule Egba, Lagos, Nigeria"
Chicken Republic,"23 Ajiran Road, Lekki, Lagos, Nigeria"
Chicken Republic,"10 Admiralty Way, Lekki Phase 1, Lagos, Nigeria"
Chicken Republic,"41, Saint Finbarrs Road, Yaba, Lagos, Nigeria"
Chicken Republic,"Oando Filling Station, Ketu, Lagos, Nigeria"
Olam,"Plot 5 & 6 Abebe Village Road, Iganmu, Lagos, Nigeria"
TJY Corporate Solutions,"15-16, Olusola Ikare Street, Idimu, Lagos, Nigeria"
Tastee Fried Chicken,"144 Shobowale Street, Akowonjo, Lagos, Nigeria"
Afro Foods and Spices,"7, Randle Crescent, Apapa, Lagos, Nigeria"
Propac,"94 Old Ewu Road, Mafoluku, Lagos, Nigeria"
Palmview Manor,"2, Tony Anegbode Street, Victoria Island, Lagos, Nigeria"
Cotton Suites,"5, Amodu Tijani Close, Victoria Island, Lagos, Nigeria"
Big Treat Confectioneries,"10, College Road, Ifako Ijaiye, Lagos, Nigeria"
Big Treat Confectioneries,"10, College Road, Ifako Ijaiye, Lagos, Nigeria"
Big Treat Confectioneries,"1, Gana Williams Street, Ikoyi, Lagos, Nigeria"
Big Treat Confectioneries,"Akonwanjo Road, Alimosho, Lagos, Nigeria"
Big Treat Confectioneries,"1st Avenue, Festac Town, Lagos, Nigeria"
Ace-T Equipment Service,"59, Olatilewa Street, Surulere, Lagos, Nigeria"
XOVAR LOUNGE,"Behind Bespoke Event Center, Lekki, Lagos, Nigeria"
Dotimi Mobile Pots Of Soup,"Ogudu Road, Ogudu, Lagos, Nigeria"
Damfade Enterprises,"58, Igbogbo/bayekun Road, Ikorodu, Lagos, Nigeria"
Uncle Tiko Foods,"12, Ire Akari Avenue, Ayobo, Lagos, Nigeria"
Golden Penny Foods,"1 Golden Penny Place, Apapa, Lagos, Nigeria"
Amel Susan,"13, Dabiri Street, Ejigbo, Lagos, Nigeria"
Moon & Star,"7, Seriki Aro Street, Ikeja, Lagos, Nigeria"
Ok Foods,"Plot 1, Block C, Fatai Atere Way, Mushin, Lagos, Nigeria"
Winnys Meals,"House 32, Ave Road, Festac, Lagos, Nigeria"
Vinad Potatoes,"11, Aina Street, Ogudu, Lagos, Nigeria"
Emem Haven,"13b,ilorin Street, Surulere, Lagos, Nigeria"
Agro Allied Development Enterprises,"12b, Akin Olugbade Street, Victoria Island, Lagos, Nigeria"
Lagos Oriental Hotel,"3, Lekki Road, Victoria Island, Lagos, Nigeria"
Addis Engineering,"26, Abimbola Street, Isolo, Lagos, Nigeria"
Adeniran Ogunsanya Shopping Mall,"84, Adeniran Ogunsanya Street, Surulere, Lagos, Nigeria"
Nu Grotto,"217 Etim Inyang Crescent, Victoria Island, Lagos, Nigeria"
Lagos City Mall,"14, Centage Plaza, Ikeja, Lagos, Nigeria"
Vitachem Nigeria,"No. 11, Olabisi Street, Ilupeju, Lagos, Nigeria"
Smridu,"39, Adekunle Fajuyi Way, Ikeja, Lagos, Nigeria"
Shaunz Bar,"27 Sanusi Fafunwa Street, Victoria Island, Lagos, Nigeria"
Rx3.0 Pharmacy,"146c Ligali Ayorinde Street, Victoria Island, Lagos, Nigeria"
Pets Mart,"19b Bush Street, Ikeja, Lagos, Nigeria"
Training and Recruitment Solutions,"Block 3, Alpha Beach Road, Lekki/lagos, Lagos, Nigeria"
You Cloud,"21 Adeola Odeku Street, Victoria Island, Lagos, Nigeria"
Ice Cream Factory,"1613b, Omega Bank Avenue, Victoria Island, Lagos, Nigeria"
The Ice Cream Factory,"5, Admiralty Way, Lekki, Lagos, Nigeria"
Ocean Basket,"35 Akin Adesola Street, Victoria Island, Lagos, Nigeria"
The Wine house Lounge,"19a, Mekunwen Road, Ikoyi, Lagos, Nigeria"
Park 'N' Shop,"47b, Adeola Odeku Street, Victoria Island, Lagos, Nigeria"
Diva Cakes and Confections,"63, Opebi Road, Ikeja, Lagos, Nigeria"
De Kiddies Arena,"36, Finbarrs Road, Yaba, Lagos, Nigeria"
Dominion Supermarket,"1, Admiralty Way, Lekki, Lagos, Nigeria"
GVS Supermarket,"12, Odunlami Street, Anthony Village, Lagos, Nigeria"
Mofe Emporium Supermarket,"74, Awolowo Way, Ikeja, Lagos, Nigeria"
Cherries Super Store,"110b, Ogudu, Kosofe, Lagos, Nigeria"
BG Mart,"21, Mobolaji Bank Anthony Way, Ikeja, Lagos, Nigeria"
Doreona Supermarket,"12, Olonrulogbon Street, Ikeja, Lagos, Nigeria"
Abimbola Supermarket,"1, Ambali Street Liasu Road, Alimosho, Lagos, Nigeria"
Best Buy Supermarket,"49, Adelabu Street, Surulere, Lagos, Nigeria"
Mega Plaza Supermarket,"14, Idowu Martins, Eti-osa, Lagos, Nigeria"
Globus Supermarket,"57, Ago Palace Way, Oshodi-isolo, Lagos, Nigeria"
Pace Supermarket,"321, Road C Close, Festac Town, Lagos, Nigeria"
Eddi Chart Supermarket,"23, Olonrulogbon Street, Surulere, Lagos, Nigeria"
Omatee Supermarket,"20, Ibrahim Onashokun Street, Gbagada, Lagos, Nigeria"
Kenzo Mart,"32a, Admiralty Way, Lekki, Lagos, Nigeria"
Kenzo Mart,"22/24, Calcutta Crescent, Apapa, Lagos, Nigeria"
Poise,"Obafemi Awolowo Way, Ikeja, Lagos, Nigeria"
Shawarma Rokspot,"5th Avenue, Egbeda, Lagos, Nigeria"
Regards Supermarket,"13, Majekodumi Street, Ikeja, Lagos, Nigeria"
Rareflowers & Ballons,"2a Anthony Road, Anthony Village, Lagos, Nigeria"
Nuts About Cakes,"33, Fola Osibo Street, Lekki, Lagos, Nigeria"
The Ice Cream Factory,"1613b Omega Bank Avenue, Victoria Island, Lagos, Nigeria"
Cafe Licious,"30, Opebi Road, Ikeja, Lagos, Nigeria"
Cake Plus,"6, Senate Crescent, Magodo, Lagos, Nigeria"
FingerMart,"10, Bola Ogunsanya Crescent,, Magodo Phase 2, Lagos, Nigeria"
Beach Town,"1, Joseph Dosu Way, Badagry, Lagos, Nigeria"
Justrite Superstors,"Abule Egba Roundabout, Alimosho, Lagos, Nigeria"
Twins Faja Supermarket,"48, Ikotun - Idimu Road, Idimu, Lagos, Nigeria"
Goodies,"Mobolaji Bank Anthony Way, Ikeja, Lagos, Nigeria"
Apple Supermarket,"84, Okota Road, Oshodi-isolo, Lagos, Nigeria"
Avocado Supermarket,"74, Aina Street, Ikeja, Lagos, Nigeria"
Ebili Junior Supermarket,"18, Olorunlogbon Street, Anthony, Lagos, Nigeria"
El-Baracad Supermarket,"54, Demurin Street, Ketu, Lagos, Nigeria"
El-Lay's Supermarket,"32, Awolowo Road, Ikoyi, Lagos, Nigeria"
Emjay Supermarket,"17, Adekoya Street, Badagry, Lagos, Nigeria"
Folksychris Supermarket,"1a, Lawanson Road, Surulere, Lagos, Nigeria"
Gabdola Supermarket,"26, Odunlami Street, Shomolu, Lagos, Nigeria"
Greatday Supermarket,"1, Banjo Street, Kosofe, Lagos, Nigeria"
Hygiene Supermarket,"Plot 2, Oriwu Street, Lekki-epe, Lagos, Nigeria"
Lafayatte Supermarket,"25, Modiu Fagbayi Crescent, Apapa, Lagos, Nigeria"
Noble Mart Supermarket,"24, Road Junction, Festac, Lagos, Nigeria"
O & S Supermarket,"1, Oyediran Street, Ifako Ijaiye, Lagos, Nigeria"
Oasis Supermarket,"Opic Plaza, Mobolaji Bank Anthony Way, Ikeja, Lagos, Nigeria"
Olisco Supermarket,"85, Okota Road, Isolo, Lagos, Nigeria"
Olutayo Commercial Store,"178, Murtala Mohammed Way, Yaba, Lagos, Nigeria"
Omolabake Stores,"E82 ,alpha Chris Shopping Complex, Alimosho, Lagos, Nigeria"
Park 'N' Pick Supermarket,"15, Adeleke Street, Ikeja, Lagos, Nigeria"
Royal Priesthood Supermarket,"Shop 345, Alhaja Alaka Shoping Complex, Surulere, Lagos, Nigeria"
Safeway Supermarket,"7, Peoples Stree, Apapa, Lagos, Nigeria"
Shop 'N' Save Supermarket,"8a, Saka Tinubu Street, Victoria Island, Lagos, Nigeria"
Sesame Supermart & Cake Shop,"4, Oladipo Adeyemi Street, Ikorodu, Lagos, Nigeria"
Simply Gifts,"8, Oladeinde Street, Anthony, Lagos, Nigeria"
Spingfield Supermarket,"295, Ipaja Ayobo Road, Alimosho, Lagos, Nigeria"
Supreme Mart,"Iponri Shopping Complex, Surulere, Lagos, Nigeria"
Unto The Lord Ventures,"Shop Sh9, Amuwo Odofin Center, Amuwo Odofin, Lagos, Nigeria"
Viva Supermarket,"24, Oke Street, Shomolu, Lagos, Nigeria"
William Dokpesi Store,"Plot 105a, Ajose Adeogun, Victoria Island, Lagos, Nigeria"
Breakfast King,"4 Ladipo Crescent, Surulere, Lagos, Nigeria"
Brooklyn Bistro,"24 Fola Osibo Road, Lekki, Lagos, Nigeria"
Bourbon House Cafe,"741 Adeola Hopewell Street, Victoria Island, Lagos, Nigeria"
Casper and Gambini's,"19 Agoro Odiyan Street, Victoria Island, Lagos, Nigeria"
Danfo Bistro,"2 Alexander Way, Ikoyi, Lagos, Nigeria"
Johnny Rockets,"16 Eletu Ogabi, Victoria Island, Lagos, Nigeria"
Lixaus,"A044 Nassarawa Plaza, Trade Fair Complex, Lagos, Lagos, Nigeria"
Ember Creek,"32 Awolowo Road, Ikoyi, Lagos, Nigeria"
eBar29,"29, Ramlat Timson Street, Surulere, Lagos, Nigeria"
Elion House Hotel,"7/8, Agbeke Rotinwa Street, Ikoyi, Lagos, Nigeria"
Avenue Hotel,"11, Musa Yaradua Street, Victoria Island, Lagos, Nigeria"
Golden Tulip Hotel,"77, Festac Link Road, Amuwo Odofin, Lagos, Nigeria"
Colonades Hotel,"21, Kingsway Road, Ikoyi, Lagos, Nigeria"
Protea Hotel,"1700, Violet Yough Close, Victoria Island, Lagos, Nigeria"
Protea Hotel,"Kuramo Waters Close, Victoria Island, Lagos, Nigeria"
Protea Hotel,"Chevron Drive, Lekki, Lagos, Nigeria"
Pearl Court Residence & Hotels,"Aso Street, Ikoyi, Lagos, Nigeria"
Whispering Palms,"1, James Robertson Street, Surulere, Lagos, Nigeria"
Whispering Palms,"Badagry Express Way, Iworo, Lagos, Nigeria"
Tamarin Hotels,"158, Adekunle Fajuyi Way, Ikeja, Lagos, Nigeria"
Lagos Airport Hotel,"11, Obafemi Awolowo Way, Ikeja, Lagos, Nigeria"
Intercontinental Hotels & Resorts,"52, Kofo Abayomi Street, Victoria Island, Lagos, Nigeria"
The Federal Place Hotel,"6/8 Ahmadu Bello Way, Victoria Island, Lagos, Nigeria"
Welcome Center & Hotel,"70, International Airport Road, Ikeja, Lagos, Nigeria"
Hotel Bon Voyage,"57a, Marinho Drive, Victoria Island, Lagos, Nigeria"
S&S Hotels & Suites,"239, Muri Okunola Street, Victoria Island, Lagos, Nigeria"
Epe Resort & Spa,"Itoikin Road, Epe, Lagos, Nigeria"
House J Suites,"1, Sir Michael Otedola Street, Ikeja, Lagos, Nigeria"
House J Suites,"11, Joel Ogunnaike Street, Ikeja, Lagos, Nigeria"
Best Western Hotel,"1228, Ahmadu Bello, Lekki, Lagos, Nigeria"
Best Western Hotel,"128, Joel Ogunnaike Street, Ikeja, Lagos, Nigeria"
DDJ Collection Hotel,"I98 & I103, Road 4, Lekki, Lagos, Nigeria"
Rockview Hotels,"33, 23 Road, 2nd Avenue, Festac, Lagos, Nigeria"
Rockview Hotels,"17b, Parklane, Apapa, Lagos, Nigeria"
African Sun Amber Residence,"16, Esugbayi Street, Ikeja, Lagos, Nigeria"
De-Renaissance Hotel,"172, Obafemi Awolowo Way, Ikeja, Lagos, Nigeria"
Bogobiri House,"9, Maitama Sule Street, Ikoyi, Lagos, Nigeria"
Orchid Hotels,"3, Dreamworld Africa Way, Lekki, Lagos, Nigeria"
Hermitage Gardens Resort & Haastade Hospitality Suties,"292, Ajose Adeogun Street, Victoria Island, Lagos, Nigeria"
Hermitage Gardens Resort & Haastade Hospitality Suties,"292, Ajose Adeogun Street, Victoria Island, Lagos, Nigeria"
Hermitage Gardens Resort & Haastade Hospitality Suties,"292, Ajose Adeogun Street, Victoria Island, Lagos, Nigeria"
Care24 Business Hotels & Suites,"24 Road, F Close, Festac, Lagos, Nigeria"
KFC,"307, Adeola Odeku Street, Victoria Island, Lagos, Nigeria"
KFC,"13 Shasha Road, Akowonjo, Lagos, Nigeria"
KFC,"34, Allen Avenue Road, Ikeja, Lagos, Nigeria"
KFC,"J.k. Randle Road, Lagos Island, Lagos, Nigeria"
KFC,"23 Road 4th Avenue, Festac, Lagos, Nigeria"
KFC,"283 Gbagada Expressway, Gbagada, Lagos, Nigeria"
KFC,"48 Alfred Rewane Road, Ikoyi, Lagos, Nigeria"
KFC,"Kazuma Plaza, Apapa, Lagos, Nigeria"
KFC,"55, Isaac John, Ikeja, Lagos, Nigeria"
KFC,"31, Admiralty Way, Lekki, Lagos, Nigeria"
KFC,"31 Adeola Odeku Street, Victoria Island, Lagos, Nigeria"
KFC,"Muritala Muhammed Airport 2, Ikeja, Lagos, Nigeria"
KFC,"24, Ijaye Road, Ogba, Lagos, Nigeria"
KFC,"Jakande Round About, Lekki, Lagos, Nigeria"
KFC,"97-99 Adeniran Ogunsanya Shopping Center, Surulere, Lagos, Nigeria"
KFC,"282, Herbert Macauley Way, Yaba, Lagos, Nigeria"
Morning Side Suites,"11b, Teslim Elias Close, Victoria Island, Lagos, Nigeria"
Oven Delight Catering,"Gulf Circular Road, Satellite, Lagos, Nigeria"
Hotel Ibis,"41, Murtala Mohamed International Airport Road, Isolo, Lagos, Nigeria"
Virgins Hotel,"116, Ogunlana Drive, Surulere, Lagos, Nigeria"
Love4we,"3, Betti Street, Ikotun, Lagos, Nigeria"
Fidmak Investment,"10, Balogun Street, Ikeja, Lagos, Nigeria"
His Mercy Guest House,"47, Afinjuomo Street, Mile 12, Lagos, Nigeria"
Four Points by Sheraton,"Plot 9/10, Block 2, Cod Church Road, Victoria Island, Lagos, Nigeria"
A.G Leventis,"2, Iddo House, Iddo, Lagos, Nigeria"
Grand Cereals,"32, Kudirat Abiola Way, Ikeja, Lagos, Nigeria"
UAC Foods,"16, Ikorodu Road, Ojota, Lagos, Nigeria"
Noah's Ark Hotel,"14, Lai Yusuf Crescent, Lekki, Lagos, Nigeria"
Nostro Suites,"16, Dr. Adewale Oshin Street, Lekki, Lagos, Nigeria"
Bertola Machine Tools,"296, Ikorodu Road, Anthony Village, Lagos, Nigeria"
Nostro Suites,"5, Augustine Anozie Street, Lekki, Lagos, Nigeria"
Best Western Hotel,"12, Allen Avenue, Ikeja, Lagos, Nigeria"
Lakeem Suites,"16, Sunbo Jibowu Street, Ikoyi, Lagos, Nigeria"
Dizengoff WA,"11, Karimu Kotun Street, Victoria Island, Lagos, Nigeria"
Neander International School,"78, Lagos-epe Expressway, Epe, Lagos, Nigeria"
Villa Maria,"3, John Chuks Nnadi Drive, Lekki, Lagos, Nigeria"
Sabitex Hotel,"14, Lekki / Epe Expressway, Lekki, Lagos, Nigeria"
The Guest House,"3, Ojora Road, Ikoyi, Lagos, Nigeria"
Ebbyson Baby Stores,"72/74, Alade Market, Ikeja, Lagos, Nigeria"
Standard Organization Of Nigeria,"11, Kofo Abayomi Street, Victoria Island, Lagos, Nigeria"
Atlantic Shrimpers,"1, Victoria Arobieke Street, Lekki, Lagos, Nigeria"
Climax Hotel,"13/17, Akinde Street, Agege, Lagos, Nigeria"
Nelki's Place,"38, Yinka Bello Street, Lekki, Lagos, Nigeria"
Tiente,"264, Corporation Drive, Ikoyi, Lagos, Nigeria"
De-Vineplus Hotel and Suites,"17-19, Abel Oreniyi Street, Ikeja, Lagos, Nigeria"
Springfield Agro,"122-123, Oshodi/apapa Expressway, Isolo, Lagos, Nigeria"
Afcott,"122-132, Oshodi Apapa Expressway, Isolo, Lagos, Nigeria"
Sylva Link Hotel,"1, Kunle Adebowale Street, Anthony Village, Lagos, Nigeria"
Sylva Link Hotel,"9, Lanre Awolokun Street, Gbagada, Lagos, Nigeria"
Sylva Link Hotel,"4, Bush Street, Maryland, Lagos, Nigeria"
The African Garden Lodge,"418, Omofade Crescent, Ikeja, Lagos, Nigeria"
Legacy Foods,"24b, Oduduwa Crescent, Ikeja, Lagos, Nigeria"
Chesterfield Hotel,"54, Adeniyi Jones Avenue, Ikeja, Lagos, Nigeria"
Beemeys Creations,"13, Osho Street, Ikeja, Lagos, Nigeria"
Dmatel Hotel,"10, Agungi Road, Lekki, Lagos, Nigeria"
Eagles Park 1960,"7, Obokun Close, Ikeja, Lagos, Nigeria"
Vivax,"3/5, Sapara Street, Ikeja, Lagos, Nigeria"
Mama Ogochukwu Babies & Homes,"Shop 76/77, Ikeja, Lagos, Nigeria"
Zarcol Industries,"Suite 10, Isolo, Lagos, Nigeria"
Ziggies,"Ayinde Sanni Street, Magodo, Lagos, Nigeria"
Ballycious Kitchen 'N' Cakes,"7, Association Close, Ogudu, Lagos, Nigeria"
Madox Nite Club,"82, Adetokunbo Ademola Street, Victoria Island, Lagos, Nigeria"
Clevenard Global International,"1, Ibidun Street, Surulere, Lagos, Nigeria"
Tantalizers,"367 Lagos-abeokuta Express Way, Abule Egba, Lagos, Nigeria"
Tantalizers,"35b Adetokunbo Ademola Street, Victoria Island, Lagos, Nigeria"
Tantalizers,"73 Murtala Mohammed Way, Yaba, Lagos, Nigeria"
Tantalizers,"19 Broad Street, Lagos Island, Lagos, Nigeria"
Tantalizers,"117 Allen Avenue, Ikeja, Lagos, Nigeria"
Tantalizers,"62 Kofo Abayomi Avenue, Apapa, Lagos, Nigeria"
Tantalizers,"154 Olojo Drive, Ojo, Lagos, Nigeria"
Tantalizers,"165 Ogunlana Drive, Surulere, Lagos, Nigeria"
Tantalizers,"81/87 Broad Street, Lagos Island, Lagos, Nigeria"
Tantalizers,"391 Old Ojo Road, Ojo, Lagos, Nigeria"
Tantalizers,"39 Lagos Road, Ikorodu, Lagos, Nigeria"
Tantalizers,"14 Ikotun-idimu Road, Ikotun, Lagos, Nigeria"
Tantalizers,"64 Ipaja Road, Iyana Ipaja, Lagos, Nigeria"
Tantalizers,"Junction Of Admiralty Road, Lekki Phase 1, Lagos, Nigeria"
Tantalizers,"Mobil Filling Statiom, Surulere, Lagos, Nigeria"
Tantalizers,"23 Road, Festac Town, Lagos, Nigeria"
Tantalizers,"58 Ijaiye Ogba Road, Ijaiye, Lagos, Nigeria"
Tantalizers,"Enyo Filling Station, Ikorodu, Lagos, Nigeria"
Tantalizers,"3 Oluwakemi Street, Ketu, Lagos, Nigeria"
Tantalizers,"63 Shipeolu Street, Ilupeju, Lagos, Nigeria"
Alubarika Frozen Foods,"3rd Avenue, Festac, Lagos, Nigeria"
Commint Buka,"26, Itire Road, Surulere, Lagos, Nigeria"
Planet One,"5, Mobolaji Bank Anthony Way, Maryland, Lagos, Nigeria"
Tantalizers,"42 Lekki-epe Expressway, Ajah, Lagos, Nigeria"
Tantalizers,"Nipco Filling Station, Ikorodu, Lagos, Nigeria"
Tantalizers,"75 Kudirat Abiola Way, Ikeja, Lagos, Nigeria"
Tantalizers,"Plot 306b Adeola Odeku Street, Victoria Island, Lagos, Nigeria"
Ski Shawarma,"183a, Akerele Street, Surulere, Lagos, Nigeria"
Aries Suites,"12, Ogun Road, Ikoyi, Lagos, Nigeria"
Nowoola Palace Hotel and Suites,"1, Nancy Nowoola Crescent, Ibeju Lekki, Lagos, Nigeria"
Blue Lounge,"9a, Service Road, Ikeja, Lagos, Nigeria"
Kelin Court,"13, Ogun Street, Surulere, Lagos, Nigeria"
Noah's Ark Hotel & Suites,"14, Lai Yusuf Crescent, Lekki, Lagos, Nigeria"
Convergence Hotel & Suites,"7a, Acme Road, Ikeja, Lagos, Nigeria"
Tophil Caterers,"411, Arigbade Street, Ikeja, Lagos, Nigeria"
Ivory Health Club,"Alfred Rewane Road, Ikoyi, Lagos, Nigeria"
Ivory Health Club,"4 Ogundana Street, Ikeja, Lagos, Nigeria"
Clear Essence California Spa & Wellness Resort,"13 Alexander Road, Ikoyi, Lagos, Nigeria"
Shepherd Hotel,"37, Bode Thomas Street, Surulere, Lagos, Nigeria"
The New World Inn,"41 - 47, Ekunola Street, Okota, Lagos, Nigeria"
Haile Selassiers,"60, Adetola Street, Surulere, Lagos, Nigeria"
Dimead Royal Link Consult,"Suite 5, Egbeda, Lagos, Nigeria"
Dara Outfit,"45, Okunola Road, Egbeda, Lagos, Nigeria"
Delicious Designs,"Falomo Area, Ikoyi, Lagos, Nigeria"
The Grandluxe Hotel,"4, Harold Shodipo Crescent, Ikeja, Lagos, Nigeria"
DUFIL Prima Foods,"39, Eric Moore Road, Surulere, Lagos, Nigeria"
The Walgreen Hotel by De Chills Hind,"1, Oba Olusesi Road, Lekki, Lagos, Nigeria"
Pravada Lounge,"1098b Adeola Odeku Street, Victoria Island, Lagos, Nigeria"
Daytona Supermarket,"21, Admiralty Road, Lekki, Lagos, Nigeria"
Infinity Hotel,"1, Servage Avenue, Alimosho, Lagos, Nigeria"
T Lounge,"58, Oladun Street, Idimu, Lagos, Nigeria"
Payless Supermarket,"Near Abraham Adesanya Estate, Lagos, Nigeria"
Wrawley Supermarket,"Mayfair Gardens Estate, Awoyaya, Lagos, Nigeria"
Carlyfunia,"4a, Industrial Avenue, Yaba, Lagos, Nigeria"
Chika's Finger,"20, Adebola Street, Surulere, Lagos, Nigeria"
Chop Box,"Samuel Manuwa Street, Victoria Island, Lagos, Nigeria"
First HACCP System,"71, Yaya-abatan Street, Ogba, Lagos, Nigeria"
Abidap Hotels,"5/7, Dh Street, Ipaja, Lagos, Nigeria"
Owel-Linkso Group,"293, Akin Olugbade Street, Victoria Island, Lagos, Nigeria"
Bolafolu Foodfillment,"9, Alhaji Olaogun Drive, Surulere, Lagos, Nigeria"
High Point Hotel,"49, Bello Street, Oshodi, Lagos, Nigeria"
Astoria Caterers,"2 Emina Crescent, Ikeja, Lagos, Nigeria"
Yummi Fried Chicken Catering Services,"8, Sholanke Street, Akoka, Lagos, Nigeria"
King of Spices Catering,"52, Owodunni Street, Iwaya, Lagos, Nigeria"
Freez Photography,"16, Winco Street, Ketu, Lagos, Nigeria"
Fair Smiles,"22, Ilori Street, Isolo, Lagos, Nigeria"
Casa Lydia Hotel,"19, Glover Road, Ikoyi, Lagos, Nigeria"
Green City Farms,"12c, Talabi Street, Ikeja, Lagos, Nigeria"
Dixie Suites,"12, Ayinde Akinmade Road, Lekki, Lagos, Nigeria"
"Lekki Goat, Ram and Snail Farm","Green Zone Area, Lekki, Lagos, Nigeria"
The Fish Shop,"37 Joel Ogunnaike Street, Ikeja, Lagos, Nigeria"
The Fish Shop,"4 Ashabi Adedire Street, Apapa, Lagos, Nigeria"
ZOSIA FOODS LTD,"48 Chivita Avenue, Isolo, Lagos, Nigeria"
Macdonex Hotels,"40,boladale Street, Oshodi, Lagos, Nigeria"
Splendour Suites,"4,fadeyi Aladura Street, Ikeja, Lagos, Nigeria"
Otabor ventures (Mama Gee),"25, Duro Oyedoyin Street, Surulere, Lagos, Nigeria"
Grand Venice Transit Appartment,"12, Fatai Irawo Street, Osodi-isolo, Lagos, Nigeria"
Golden Destiny Hotels,"6, Awoniyi Elemo Street, Ajao Estate, Lagos, Nigeria"
Dalian's Place Guest House,"43, Oritse Street, Ikeja, Lagos, Nigeria"
GrandVenice Transit Apartments,"12, Fatai Irawo Street, Ajao Estate, Lagos, Nigeria"
Royal Jatoz,"9, Rasmon Street, Isolo, Lagos, Nigeria"
Vine-Health Paramedic Services,"23, Bode Thomas Street, Surulere, Lagos, Nigeria"
R & R Bistro And Lounge,"3, Arepo Road, Berger, Lagos, Nigeria"
Villa Picasso Hotels,"62a, Ademola Adetokunbo, Victoria Island, Lagos, Nigeria"
De Next Centre,"16/18, Olutosin Ajayi Street, Ikeja, Lagos, Nigeria"
Oragon Hotel And Suites,"9, Oluwasijibomi Street, Ikeja, Lagos, Nigeria"
Lufasi,"Majek 1st Gate,, Lekki, Lagos, Nigeria"
The Place,"4, Adeola Odeku, Victoria Island, Lagos, Nigeria"
The Place,"Plot 3b Block A10 Admiralty Way, Lekki, Lagos, Nigeria"
Dymofed Ventures,"3, Daramola Street, Egbeda, Lagos, Nigeria"
Zibet Fitness And Massage Center,"Kekere Ado Road, Ajah, Lagos, Nigeria"
Sectronics Intl Ltd,"16, Lekki – Express Way, Lekki, Lagos, Nigeria"
Welcome Centre And Hotels,"70, International Airport Road, Ikeja, Lagos, Nigeria"
Farmshoppe,"42, Avenue Des Champs Elysã©es, Ikeja, Lagos, Nigeria"
Alfim Nigeria,"4a, Western Avenue, Surulere, Lagos, Nigeria"
Oakspring Hotels,"5, Sunday Ogunyade Street, Gbagada, Lagos, Nigeria"
Duckland Hotel And Suites,"1/3, Bashiru Oshikoya Street, Ikorodu, Lagos, Nigeria"
Lasa Hotel,"43 , Murtala Mohammed International Airport Road, Oshodi-isolo, Lagos, Nigeria"
Emota Paradise Hotel,"3/5, Olufemi Sampson Street, Ilasa, Lagos, Nigeria"
Nimmaco,"1, Abimbola Street, Isolo, Lagos, Nigeria"
Niger Biscuit Company,"33, Creek Road P.o.box 1568, Apapa, Lagos, Nigeria"
Rennies Supermarket,"Vgc Lekki Expressway, Lekki, Lagos, Nigeria"
Life Flour Group,"10,adetokunbo Ademola Street, Victoria Island, Lagos, Nigeria"
Bacchus Night Club,"57 Awolowo Road,, Ikoyi, Lagos, Nigeria"
Promasidor,"3a & B Limca Way,, Isolo, Lagos, Nigeria"
Flour Mills Of Nigeria,"2, Old Dock Road, Apapa, Lagos, Nigeria"
Soupa Soup,"6, Senate Crescent, Magodo, Lagos, Nigeria"
Hd,"863 D, Adetokunbo Ademola Street, Victoria Island, Lagos, Nigeria"
Sam & Sara,"1607, Omega Bank Avenue, Victoria Island, Lagos, Nigeria"
Sam & Sara,"15a, Sasegbon Street, Ikeja, Lagos, Nigeria"
Ipaja Palace Hotel,"225, Ipaja Road, Alimosho, Lagos, Nigeria"
Sensor Merchant Nigeria,"Km3 Ikorodu Road Itowolo Village, Ikorodu, Lagos, Nigeria"
Techo Quip Limited,"14-16 Olushola Ikare Street, Ikotun, Lagos, Nigeria"
Terra Kulture Boutique,"1376 Tiamiyu Savage, Victoria Island, Lagos, Nigeria"
Omoba Royal Hotel,"Afilaka Steet, Ikotun, Lagos, Nigeria"
Rich Events and cuisine,"Block 4, Flat 40b, Funsho Willams Street, Ojodu Berger, Lagos, Nigeria"
De Santos Hotel,"7 Shasha Road, Ikeja, Lagos, Nigeria"
Givanas Nigeria,"18/20, Burma Road, Apapa, Lagos, Nigeria"
Doyin Group,"4, Agbagbon Close, Adeola Odeku Street, Victoria Island, Lagos, Nigeria"
DVC Limited,"7/9, Ayanlu Street, Isolo, Lagos, Nigeria"
Lagra & Associates,"142/146, Oshodi-apapa Express Way, Oshodi Apapa, Lagos, Nigeria"
Junaid Group,"3, Ribadu Road, Ikoyi, Lagos, Nigeria"
Vintage Suites,"9b Dr Ezukuse Close, Lekki, Lagos, Nigeria"
Omnik,"586, Ikorodu Road, Ketu, Lagos, Nigeria"
Igbeyawo Nigeria,"Ogba Lagos, Ikeja, Lagos, Nigeria"
Kensonic Nig Enterprises,"H53e Alaba International Market, Badagry, Lagos, Nigeria"
ReelFruit,"2, Igbobi College Access Road, Yaba, Lagos, Nigeria"
Mimz Lounge,"52a, Omorinre Johnson Street, Lekki Phase 1, Lagos, Nigeria"
Nagode Industries,"33, Mobolaji Johnson Avenue, Oregun, Lagos, Nigeria"
Licious Desserts,"60 Allen Avenue, Ikeja, Lagos, Nigeria"
Cafe Neo,"16, Akin Adesola Street, Angelikas, Victoria Island, Lagos, Nigeria"
Cafe Neo,"19b, Adeyemi Lawson Street, Ikoyi, Lagos, Nigeria"
Cafe Neo,"6, Agoro Odiyan Street,, Lagos, Nigeria"
Cafe Neo,"39, Alfred Rewane Road,, Lagos, Nigeria"
Cafe Neo,"Plots 3&4, Water Corporation Road,, Victoria Island, Lagos, Nigeria"
Smridu,"1623, Saka Jojo Street, Victoria Island, Lagos, Nigeria"
Adverture,"258 Etim Inyang Street, Victoria Island, Lagos, Nigeria"
Sailors Lounge,"Plot 1 Block 12, Admiralty Road, Lekki, Lagos, Nigeria"
KoboDesk,"Flat-2/7 Esther Adeleke Street, Lekki Phase 1, Lagos, Nigeria"
De Place Eatery And Bar,"51, Oladun Street, Alimosho, Lagos, Nigeria"
The Civic Centre,"Ozumba Mbadiwe Road, Victoria Island, Lagos, Nigeria"
Rita Lori Hotels,"1-4, Taoridi Street, Surulere, Lagos, Nigeria"
Crepes de France,"133, Ahmadu Bello Way,, Lagos Island, Lagos, Nigeria"
Threee Arms Hotel,"Plot 14 Royal Palms Drive, Ikoyi, Lagos, Nigeria"
Root4u,"27/28, Castle Rock Avenue, Lekki, Lagos, Nigeria"
DIN Logistics,"40, Adegbola Street, Anifowoshe, Ikeja, Lagos, Nigeria"
"Food, Beverage and Tobacco Senior Staff Association","32, Isaac John Street, Fadeyi, Lagos, Nigeria"
Guest Quarters,"16, Oyinkan Abayomi Drive, Ikoyi, Lagos, Nigeria"
Trendor Hotel,"4, Fadeyi Aladura Street, Ikeja, Lagos, Nigeria"
Mo'Ogbams Feedmills,"Km 10, Lasu/igando Expressway, Igando, Lagos, Nigeria"
Best Foods Groups,"15 Maduike Street, Ikoyi, Lagos, Nigeria"
Avogadros and Pyhtagoras,"21 Taiwo Okoilu Street, Ogba, Lagos, Nigeria"
Farmsprite,"57 Adelabu Street, Surulere, Lagos, Nigeria"
Norland International,"28,osolo Way, Isolo, Lagos, Nigeria"
Easy Sauces,"1, Easysauces Lane, Ibeju-lekki, Lagos, Nigeria"
2dotsmarket,"Lekki, Lekki, Lagos, Nigeria"
Aso Rock Hotels,"37 Abaranje Road, Alimosho, Lagos, Nigeria"
Olaiya Foods,"109 Akerele Street, Surulere, Lagos, Nigeria"
Victoria Suites,"8 Razaq Balogun Street, Surulere, Lagos, Nigeria"
Agricorp International,"10b, Ladi Alakija Street, Lekki, Lagos, Nigeria"
Yoodalo,"2nd Floor, Suites 2a & 2h, Lagos Island, Lagos, Nigeria"
Sana Global Projects,"47, Adeniyi Jones, Ikeja, Lagos, Nigeria"
KFC,"Shop L80 - L81 Obafemi Awolowo Way, Ikeja, Lagos, Nigeria"
KFC,"28 Kodesoh Street, Ikeja, Lagos, Nigeria"
JustAfang & Yogiegee,"12 Admiralty Way, Lekki, Lagos, Nigeria"
